dt,dt_detection,dt_estimation,dt_control,dt_actuation
1.1110005289083347e-06,0.7720489389994327,3.1277000744012184e-05,2.340700120839756e-05,0.0
0.7721869949982647,0.024633222999909776,2.1944999389234e-05,1.7462998584960587e-05,0.0
0.02473807400019723,0.034602781999637955,2.1611000192933716e-05,1.6371001038351096e-05,0.0
0.03470652200121549,0.03253221900013159,2.2611000531469472e-05,1.996300125028938e-05,0.0
0.03265088399894012,0.0325602919983794,2.177700116590131e-05,1.7889000446302816e-05,0.0
0.032662774001437356,0.03330041800109029,2.0833998860325664e-05,1.8054999600281008e-05,0.0
0.033402528999431524,0.033009327000399935,2.4962999304989353e-05,1.663000148255378e-05,0.0
0.033134363000499434,0.03317851099927793,2.738900002441369e-05,2.0925999706378207e-05,0.0
0.033295122999334126,0.03301004999957513,2.2611000531469472e-05,1.4092000128584914e-05,0.0
0.03311258599933353,0.03340258400021412,2.1500000002561137e-05,1.3480999768944457e-05,0.0
0.03350288000001456,0.033042568000382744,1.698199957900215e-05,1.3482000213116407e-05,0.0
0.03314504900117754,0.033405047000997,2.1833000573678873e-05,4.351799907453824e-05,0.0
0.03353597199929936,0.03325762200074678,1.7815000319387764e-05,1.2999998943996616e-05,0.0
0.0333503820002079,0.03362036200087459,4.0221999370260164e-05,1.422199966327753e-05,0.0
0.03373717499925988,0.03268653200029803,1.6944000890362076e-05,1.2704000255325809e-05,0.0
0.03277577300104895,0.03442117099984898,2.1036999896750785e-05,1.3333001334103756e-05,0.0
0.03452057899994543,0.032273942000756506,1.825900108087808e-05,1.261100078409072e-05,0.0
0.03237364499909745,0.03307853099977365,1.9241000700276345e-05,1.5387999155791476e-05,0.0
0.03321404800044547,0.03514831600114121,1.9519000488799065e-05,1.3369999578571878e-05,0.0
0.03524407499935478,0.031734870999571285,1.6481000784551725e-05,1.3240000043879263e-05,0.0
0.031828908000534284,0.032354885999666294,1.9240000256104395e-05,1.5796000297996216e-05,0.0
0.03245599699948798,0.03348008400098479,1.686999894445762e-05,1.2833999790018424e-05,0.0
0.033570565001355135,0.033287752001342596,1.9334000171511434e-05,1.3869999747839756e-05,0.0
0.03338515899849881,0.03307099399899016,1.9832999896607362e-05,1.5296000128728338e-05,0.0
0.03317717800018727,0.03315475299859827,1.9017999875359237e-05,1.314799919782672e-05,0.0
0.0332572520001122,0.034002488000624,1.7091999325202778e-05,1.3130000297678635e-05,0.0
0.03409634000126971,0.03304169700095372,1.7869999282993376e-05,1.1852000170620158e-05,0.0
0.033137955999336555,0.040124863999153604,2.2055999579606578e-05,1.6092000805656426e-05,0.0
0.040234771000541514,0.02701219200025662,1.803700070013292e-05,1.2795999282388948e-05,0.0
0.0271075809996546,0.03236644200114824,2.020399915636517e-05,1.4740000551682897e-05,0.0
0.03246814500016626,0.03303249400050845,1.738900027703494e-05,1.2925998817081563e-05,0.0
0.03313006699863763,0.03368769400003657,1.851900015026331e-05,1.2556000001495704e-05,0.0
0.03378832300040813,0.03232062699862581,2.0278001102269627e-05,1.3648001186084002e-05,0.0
0.03243010799997137,0.033635898000284215,2.166599915653933e-05,1.355499989585951e-05,0.0
0.03374099000029673,0.03298132700001588,1.8185999579145573e-05,1.2703001630143262e-05,0.0
0.033076235000407905,0.03447048599991831,0.00026575800075079314,1.1240999810979702e-05,0.0
0.03479839200008428,0.032878384001378436,0.0007052370001474628,1.1369998901500367e-05,0.0
0.03364502799922775,0.033512435999000445,0.00045983100062585436,1.2074000551365316e-05,0.0
0.03403978500136873,0.03289103099996282,0.00046496100003423635,1.1889000234077685e-05,0.0
0.03341745499892568,0.032184035999307525,0.00046866499906172976,5.014800080971327e-05,0.0053224539988150354
0.038081337999756215,0.02717852499881701,0.0005430889996205224,4.5666000005439855e-05,0.005016715000238037
0.03283593900050619,0.027799483999842778,0.0004663679992518155,4.411100053403061e-05,0.0049026779997802805
0.03326827099954244,0.028319869999904768,0.00045520099956775084,4.7314000767073594e-05,0.004879530000835075
0.03375554500053113,0.02845066599911661,0.0004699420005636057,3.468500108283479e-05,0.004932919000566471
0.03396272999998473,0.026936230000501382,0.00044579399946087506,3.274099981354084e-05,0.004878974999883212
0.03234697900006722,0.02827292599977227,0.00044103400068706833,3.281499994045589e-05,0.004908789000182878
0.03370458300014434,0.027608706999671995,0.0004962019993399736,3.225900036341045e-05,0.0049096969996753614
0.033095586999479565,0.02795568800138426,0.00044683099986286834,3.287000072305091e-05,0.004794918999323272
0.03328134399998817,0.02813246400000935,0.00043299699973431416,3.518499943311326e-05,0.004860548000579001
0.033518362000904744,0.02977158499925281,0.00043347899918444455,3.092599945375696e-05,0.005103695999423508
0.03538822199880087,0.027154560999406385,0.00042707200009317603,3.216600089217536e-05,0.0049841029995150166
0.03264788500018767,0.027100876000986318,0.00043679400005203206,3.355499939061701e-05,0.004917956001008861
0.03254562700021779,0.02801337199889531,0.0004397200009407243,3.290699896751903e-05,0.004898307999610552
0.033435879999160534,0.028083463999792002,0.00043321999874024186,3.1629999284632504e-05,0.005494342000019969
0.03409228500095196,0.027023599001040566,0.00044351600081427023,3.2776999432826415e-05,0.004819456000404898
0.03237014600017574,0.029023366998444544,0.0004303679997974541,3.455499972915277e-05,0.0048937530009425245
0.0344306900005904,0.02805324200016912,0.0004221090002829442,3.1648000003769994e-05,0.005441082999823266
0.03400046999922779,0.03236894200017559,0.0004951270002493402,3.644499884103425e-05,0.005008178000935004
0.03795754299972032,0.027114340000480297,0.00043638699935399927,3.244399886170868e-05,0.004861789000642602
0.03249636700093106,0.027757948000726174,0.0004875529994023964,3.481400017335545e-05,0.005124899000293226
0.033453213998654974,0.02733506099866645,0.00043483199988259,3.285100137873087e-05,0.0049633439994067885
0.03281653200065193,0.0279896310003096,0.0004944969987263903,3.387000106158666e-05,0.005099713998788502
0.03366515699963202,0.027457430000140448,0.0005004600006941473,3.6092998925596476e-05,0.005049918001532205
0.03309845700096048,0.02769950299989432,0.0004933309992338764,3.5647999538923614e-05,0.0049079190011980245
0.03318702999968082,0.02771189299892285,0.0005000719993404346,3.813000148511492e-05,0.004944121999869822
0.033242437999433605,0.027812983998956042,0.0004945159998896997,3.9167000068118796e-05,0.0049615110001468565
0.03335517699997581,0.027473727001051884,0.0004979599998478079,3.253700015193317e-05,0.005158138999831863
0.03321065999989514,0.027578967001318233,0.0004937749999953667,3.685200135805644e-05,0.004977770000550663
0.03313628999967477,0.02713595000022906,0.0004688120006903773,3.8056001358199865e-05,0.004989548000594368
0.03268049600046652,0.027270875998510746,0.00044170100045448635,3.385200034244917e-05,0.005180455000299844
0.03297323500009952,0.027077396000095177,0.0004283860016585095,3.1517998650087975e-05,0.005155455000931397
0.032740587999796844,0.027205709999179817,0.0004324609999457607,3.355599983478896e-05,0.005124436000187416
0.03284293999968213,0.026988044000972877,0.0004331819982326124,3.231499977118801e-05,0.004983085000276333
0.032486756001162576,0.027531579000424244,0.00043283099876134656,3.2777999876998365e-05,0.005163436000657384
0.03320799299945065,0.027290560999972513,0.0004369609996501822,3.1924999348120764e-05,0.0050655289996939246
0.032874791000722325,0.02727359799973783,0.0004897380003967555,3.212999945390038e-05,0.004972085000190418
0.032821198999954504,0.0273350429997663,0.00043079399983980693,3.138899955956731e-05,0.0049596780008869246
0.03280568099944503,0.027003545001207385,0.0004358869991847314,3.379599911568221e-05,0.004842973999984679
0.032365163999202196,0.027935316998991766,0.00043210900003032293,3.198100057488773e-05,0.004766549000123632
0.03321923400108062,0.029787121999106603,0.00043210900003032293,3.237000055378303e-05,0.005023306999646593
0.035322240999448695,0.026927099999738857,0.0004339789993537124,3.1925999792292714e-05,0.004955696000251919
0.03240470200034906,0.02704970999911893,0.00043410900070739444,3.1333998776972294e-05,0.00479869700029667
0.03254453299996385,0.027873929000634234,0.0004950710008415626,3.274099981354084e-05,0.004858308000621037
0.03331652999986545,0.02756206000049133,0.00043625699981930666,3.103699964412954e-05,0.004767807999087381
0.032846865000465186,0.027783002999058226,0.0004303679997974541,3.259199911553878e-05,0.004783975000464125
0.033085438999478356,0.029160699999920325,0.00042684999971243087,3.196299985575024e-05,0.004861622999669635
0.034530282000559964,0.028332073999990826,0.00042381200000818353,3.1536999813397415e-05,0.005331231999662123
0.034168784999565105,0.03264038499946764,0.0004529229991021566,3.607399958127644e-05,0.00492186299925379
0.03810013399925083,0.02753581900105928,0.00043462800022098236,3.216699951735791e-05,0.004866141998718376
0.03294362400083628,0.027684021999448305,0.0004939980008202838,3.405600000405684e-05,0.004935475000820588
0.03319578999980877,0.027510337999046897,0.0005674599997291807,3.8426000173785724e-05,0.005006862998925499
0.03317151200099033,0.027640262998829712,0.0004716280000138795,3.896199996233918e-05,0.0050358450007479405
0.03323402999922109,0.02755441199951747,0.00043270100104564335,3.198099875589833e-05,0.005076862000350957
0.033143123000627384,0.02731167199999618,0.0004323860011936631,3.203699998266529e-05,0.005254490999504924
0.033078548998673796,0.027728096001737867,0.0004304979993321467,3.138899955956731e-05,0.005174620999241597
0.03341165900019405,0.026992933000656194,0.0004351640000095358,3.175900019414257e-05,0.005080066001028172
0.0325882190008997,0.02750759700029448,0.00043694200030586217,3.4333001167397015e-05,0.0050557880003907485
0.03308430899960513,0.02719972799968673,0.0004333499982749345,3.224099964427296e-05,0.005229213000347954
0.032940438999503385,0.02709437799967418,0.000513016000695643,3.20189992635278e-05,0.005139824999787379
0.03282794000006106,0.02715593199900468,0.0004298679996281862,3.342600030009635e-05,0.005040120999183273
0.03271336600118957,0.027290043000903097,0.00044329400043352507,3.131499943265226e-05,0.004969474000972696
0.03278334699825791,0.027262043000519043,0.0004311459997552447,3.298199953860603e-05,0.005033085000832216
0.03283438500147895,0.026985896000041976,0.00043436800115159713,3.3352000173181295e-05,0.004878474001088762
0.03238890499960689,0.028745239000272704,0.00043796099998871796,3.2981000913423486e-05,0.004771511999933864
0.0340443029999733,0.02823361099945032,0.0004355709988885792,3.209200076526031e-05,0.005069213999377098
0.03382186099952378,0.02677115699952992,0.00043042400102422107,3.0350998713402078e-05,0.005502211999555584
0.03279923599984613,0.027280283999061794,0.00042520199895079713,3.1813999157748185e-05,0.004892251999990549
0.03268194100019173,0.02706095099892991,0.00043583100159594323,3.251899943279568e-05,0.004809271000340232
0.032392608000009204,0.028886441999929957,0.0004384240000945283,3.216600089217536e-05,0.004880253000010271
0.03428963599981216,0.02873392400033481,0.0004348309994384181,3.283299884060398e-05,0.005071862000477267
0.03432191399951989,0.02721643199947721,0.0004324239998823032,3.225900036341045e-05,0.004948955000145361
0.032678810001016245,0.02728533899971808,0.0004399600002216175,3.2518000807613134e-05,0.004963233001035405
0.03277968099973805,0.027201025000977097,0.0004433129997778451,3.2129000828717835e-05,0.004815308000615914
0.03253875600057654,0.02915716200004681,0.0004341829990153201,3.2907000786508434e-05,0.0049614930012467084
0.034635207999599515,0.026628786999935983,0.0004373679985292256,3.25740002153907e-05,0.004775826999320998
0.03193312999974296,0.029456421001668787,0.0004296649985917611,3.2518000807613134e-05,0.0049529929983691545
0.034928003000459285,0.02698550700006308,0.0004432759997143876,3.2408001061412506e-05,0.005366268000216223
0.03287634700063791,0.03231521999987308,0.0005021639990445692,0.00011629599976004101,0.005044917999839527
0.038023652999982005,0.02736870900116628,0.00042492299871810246,3.19439986924408e-05,0.005012845000237576
0.03288753199922212,0.02700076600012835,0.0004869229996984359,3.711099998326972e-05,0.0049911780006368645
0.032564478000495,0.02707860000009532,0.0004329610001150286,3.187000038451515e-05,0.005132233000040287
0.032722514999477426,0.027211357999476604,0.00043451599958643783,3.2796000596135855e-05,0.005314639000062016
0.0330465129991353,0.02737091299968597,0.0005016639988753013,3.290699896751903e-05,0.005127583999637864
0.03308254900002794,0.026974970000082976,0.0004343860000517452,3.17960002576001e-05,0.005144713999470696
0.03263295900069352,0.027138561999890953,0.0004386829987197416,3.216600089217536e-05,0.005041641001298558
0.03269649600042612,0.02718196999921929,0.0004299969987187069,3.25740002153907e-05,0.005095287999210996
0.03278779199899873,0.026848379000512068,0.00042790499901457224,3.185199966537766e-05,0.004872233999776654
0.03222964700034936,0.02750433799883467,0.00043822000043292064,3.157299943268299e-05,0.004840715000682394
0.03287538400036283,0.02723404300013499,0.000495553000291693,3.229599860787857e-05,0.004819863999728113
0.03263481099929777,0.027932094999414403,0.00043788599941763096,3.270399975008331e-05,0.00480432699987432
0.033261938000578084,0.028238093998879776,0.00043546100096136797,3.2777999876998365e-05,0.004809475000001839
0.033565288000318105,0.028291427001022385,0.0005374600004870445,4.035200072394218e-05,0.005324878999090288
0.034250746999532566,0.035073742999884416,0.000590440999076236,4.083399835508317e-05,0.005500083001606981
0.04126533999988169,0.0327261250004085,0.000529109000126482,4.0406999687547795e-05,0.00529041699883237
0.03864192900073249,0.030315268000776996,0.00041848000000754837,3.1925999792292714e-05,0.004710031000286108
0.03552838799987512,0.027695096998286317,0.0004189610008324962,3.075899985560682e-05,0.004704253000454628
0.03289527299966721,0.027830688000904047,0.00041655300083220936,3.081499926338438e-05,0.00472401200022432
0.03304673499951605,0.027719874000467826,0.00041905299985955935,3.185099922120571e-05,0.0047888079989206744
0.03300962400135177,0.02788446600061434,0.0004170720003457973,3.2092999390442856e-05,0.0047062159992492525
0.03308440199907636,0.02771433700036141,0.00041797900121309794,3.1555000532534905e-05,0.004706698000518372
0.03291586500017729,0.028046020999681787,0.00041831300040939823,3.099999958067201e-05,0.004798382999069872
0.03333901199948741,0.02808570500019414,0.0004187760005152086,3.092600127274636e-05,0.004706159999841475
0.0332867150009406,0.02798790899942105,0.00041959000009228475,3.072199979214929e-05,0.004730975000711624
0.03321406699978979,0.02811766800004989,0.0004142760008107871,3.0073999369051307e-05,0.004726104998553637
0.033332826000332716,0.027872225000464823,0.00048129400056495797,3.166699934809003e-05,0.004687346001446713
0.033116012999016675,0.028081186001145397,0.0004161830001976341,3.075899985560682e-05,0.00472947500020382
0.033303510999758146,0.030252287000621436,0.0004179050010861829,3.111099977104459e-05,0.004719493999800761
0.035467556001094636,0.027602486001342186,0.0004205900004308205,3.1351999496109784e-05,0.004696197998782736
0.03279545899931691,0.027749947999836877,0.00041703500028233975,3.155599915771745e-05,0.004673345998526202
0.03291710600024089,0.02765917099895887,0.0004185540001344634,2.977700023620855e-05,0.004754902000058792
0.03290762399956293,0.027583262999542058,0.00043096099943795707,3.2388999898103066e-05,0.004752622999149025
0.032844588000443764,0.02766241100107436,0.0004199229988444131,3.1259000024874695e-05,0.004692141999839805
0.032850366000275244,0.027564578998863,0.0004256650008755969,3.1722000130685046e-05,0.004699068000263651
0.03276625499893271,0.027717743998437072,0.00041934900036721956,2.9906999770901166e-05,0.004747345001305803
0.03295903200159955,0.02771794799991767,0.00046514499990735203,3.1166000553639606e-05,0.004703679000158445
0.0329633469991677,0.027856744000018807,0.0004165169993939344,3.1444000342162326e-05,0.004700068000602187
0.03305051200004527,0.027641152000796865,0.00042325700087531004,3.177699909429066e-05,0.00470734600094147
0.032848811000803835,0.027759743999922648,0.0004179049992671935,3.146299968648236e-05,0.004676104999816744
0.032930031999057974,0.02769146699938574,0.0004245159998390591,3.1944000511430204e-05,0.004739715999676264
0.03305010499934724,0.02778620699973544,0.00042027500057884026,3.274099981354084e-05,0.004691864000051282
0.032977254000797984,0.027519782999661402,0.0004242020004312508,3.1260000469046645e-05,0.004759381999974721
0.03278033000060532,0.02759976300148992,0.00042270199992344715,3.0850998882669955e-05,0.005244917001618887
0.033343788998536183,0.027721595999537385,0.0004216270008328138,8.17399995867163e-05,0.004698493999967468
0.03296916100043745,0.02752117099953466,0.00042538700108707417,3.1370000215247273e-05,0.004690753999966546
0.03272036700036551,0.027565059999687946,0.00041670099926705007,3.175900019414257e-05,0.004752790000566165
0.03281251400039764,0.027727317999961087,0.000415386999520706,3.0593000701628625e-05,0.004717605001133052
0.03293532799943932,0.027468115998999565,0.0004747200000565499,3.644500066002365e-05,0.004775235000124667
0.032801069999550236,0.02733861599881493,0.00043377500151109416,3.301800097688101e-05,0.004728030999103794
0.03257760800079268,0.027266839000731125,0.0005441270004666876,3.5945000490755774e-05,0.004882974000793183
0.032776162999653025,0.027651632999550202,0.0005112380003993167,3.9463000575779006e-05,0.004951401000653277
0.033198938001078204,0.027514597999470425,0.0004919420007354347,3.203599953849334e-05,0.0049110849995486205
0.03299645699917164,0.027668486000038683,0.0004923489996144781,3.494399970804807e-05,0.004988881999452133
0.03323027199985518,0.027304116998493555,0.0005105529999127612,3.783299871429335e-05,0.004972492000888451
0.032872957999643404,0.027371968999432283,0.0004955710010108305,3.62959999620216e-05,0.0049104930003522895
0.03286199499962095,0.027259395001237863,0.0004985340001439909,3.759199898922816e-05,0.004987714999515447
0.03283110700067482,0.027228024999203626,0.0004391090005810838,3.655500040622428e-05,0.005100196000057622
0.03285092099940812,0.027653133000058006,0.00048068199976114556,3.4980999771505594e-05,0.005553044999032863
0.03377512100087188,0.03073613600099634,0.0004390539997984888,3.187000038451515e-05,0.004744641999423038
0.0359956449992751,0.02843740800017258,0.0004866640010732226,3.3907999750226736e-05,0.00494495599923539
0.033954563999941456,0.028353741001410526,0.00041822000093816314,3.1425999623024836e-05,0.0047502159995929105
0.03363152900055866,0.02789329900042503,0.00042099799975403585,3.1833000321057625e-05,0.004710068000349565
0.03310138300003018,0.028230926998730865,0.00041999700079031754,3.185099922120571e-05,0.004752920000100858
0.03348649200052023,0.02777781800068624,0.0004772569991473574,3.2222000299952924e-05,0.004747623999719508
0.03308036399903358,0.028097021000576206,0.00041610900007071905,3.207400004612282e-05,0.004735178999908385
0.03332543800024723,0.027767428999140975,0.0004527750006673159,3.359199945407454e-05,0.004794049000338418
0.033092624000346405,0.028039613000146346,0.00047418200119864196,3.142600144201424e-05,0.00473338300071191
0.03332323299946438,0.027774041000157013,0.0004356090012151981,3.120299879810773e-05,0.004745791000459576
0.033032753999577835,0.02781539199895633,0.00044618299943977036,3.1741001293994486e-05,0.004692143000283977
0.03303099500044482,0.027861114000188536,0.0004884229983872501,3.46670003636973e-05,0.00476177200107486
0.03319116000056965,0.02783050300058676,0.0005066270005045226,3.416700019442942e-05,0.005034640998928808
0.033453677999204956,0.027477153000290855,0.0004678490004152991,3.5166000088793226e-05,0.004900547999568516
0.03292794000117283,0.027525319001142634,0.0005049230003351113,3.935200038540643e-05,0.004817290000573848
0.032934068998656585,0.027139154999531456,0.0004410719993757084,3.370299964444712e-05,0.005109806999826105
0.03277031100151362,0.02716509899983066,0.0005760710009781178,3.51290000253357e-05,0.004945048000081442
0.03276719899986347,0.027128265999635914,0.0004700720000982983,3.8444000892923214e-05,0.004996417999791447
0.032680774998880224,0.027017062999220798,0.00043210900003032293,3.300000025774352e-05,0.005107843000587309
0.03263694100132852,0.027003286000763183,0.0004444980004336685,3.205599932698533e-05,0.005107177999889245
0.032633996999720694,0.026980896000168286,0.00044008999975631014,3.159299922117498e-05,0.005078770000181976
0.03257777399994666,0.026832805000594817,0.00044046099901606794,3.133300015178975e-05,0.004801696999493288
0.03215329599879624,0.02783033600098861,0.000508498000272084,3.175899837515317e-05,0.0050297710004088
0.03344828900117136,0.02686160099983681,0.0004392569990159245,3.203699998266529e-05,0.004888863999440218
0.03226986899971962,0.02719720999994024,0.0004341280000517145,3.368500074429903e-05,0.004839770999751636
0.032551644999330165,0.028017373000693624,0.00043245999950158875,3.3239999538636766e-05,0.0047477910011366475
0.033283123000728665,0.028487981000580476,0.0005004049999115523,3.205500070180278e-05,0.004850179000641219
0.03392032299962011,0.027394153001296218,0.000436071999502019,3.225900036341045e-05,0.0047991789997468
0.032710978000977775,0.02775203999954101,0.0004433310004969826,3.2611000278848223e-05,0.004804751999472501
0.03308506799839961,0.02819326100143371,0.00041807200068433303,3.133300015178975e-05,0.004757419999805279
0.03344788200047333,0.036597641999833286,0.00042140500045206863,3.0962999517214485e-05,0.0047266599995055
0.04182170800049789,0.02743952399941918,0.0004908129994873889,3.414799903111998e-05,0.004842289999942295
0.03285388400036027,0.027647245000480325,0.0004418680000526365,3.331500010972377e-05,0.004776771000251756
0.03294429199922888,0.02752324600078282,0.00052070099991397,3.400000059627928e-05,0.004741992999697686
0.03286569900046743,0.027451152998764883,0.0004841270001634257,3.6684999940916896e-05,0.004876234001130797
0.03289958799905435,0.027439931000117213,0.00046618300075351726,3.529599962348584e-05,0.004917547999866656
0.03290517999994336,0.027425709000453935,0.00047401600022567436,3.149999974993989e-05,0.0049175120002473705
0.03289488500013249,0.027315024999552406,0.00047149700003501493,3.809299960266799e-05,0.005168990999663947
0.03304155000114406,0.027709948000847362,0.0004914239998470293,3.381500027899165e-05,0.0050016410004900536
0.033282659998803865,0.027749856000809814,0.0005024789988965495,3.531500078679528e-05,0.004970306999894092
0.03330427100081579,0.02767455899993365,0.0004990709985577269,3.5721999665838666e-05,0.005666175000442308
0.033922008999070385,0.027924910000365344,0.0004867939987889258,3.268499858677387e-05,0.005165788001249894
0.03366156500123907,0.02789300299991737,0.0004887009999947622,3.561099947546609e-05,0.004934881999361096
0.03339901199979067,0.02772591199936869,0.000520626999787055,3.698199907375965e-05,0.004936029999953462
0.03326684499916155,0.027592059999733465,0.0004608859999279957,4.268500015314203e-05,0.0048995300003298325
0.03304168000067875,0.027801300000646734,0.00046683100117661525,3.229599860787857e-05,0.004940029999488615
0.03328740100005234,0.02767163400130812,0.0005421269997896161,3.366599958098959e-05,0.0049389740015612915
0.033233549000215135,0.027623374999166117,0.00048023800081864465,3.35000004270114e-05,0.005202823998843087
0.03338641899972572,0.027566337999815005,0.00048118200174940284,3.2963000194285996e-05,0.004987270000128774
0.033114290999947116,0.027838503001476056,0.0005615339996438706,3.7535999581450596e-05,0.004952307999701588
0.03343610299998545,0.02768739299972367,0.000463313001091592,6.062900138203986e-05,0.0049176600005012006
0.03317503099970054,0.027635930999167613,0.0004894049998256378,3.596299939090386e-05,0.004915344001346966
0.03312436499982141,0.027377839000109816,0.0005031269993196474,3.620400093495846e-05,0.0050338069995632395
0.03300447600122425,0.027032858999518794,0.0004865339997195406,3.550000110408291e-05,0.005106122000142932
0.03270638599860831,0.026834878999579814,0.0004868870000791503,3.2665999242453836e-05,0.005081696001070668
0.03248175699991407,0.027066784999988158,0.00043772000026365276,3.370400008861907e-05,0.005007658999602427
0.03259446000083699,0.026708769000833854,0.00043210900003032293,3.2369998734793626e-05,0.004937621999488329
0.03216242499911459,0.027572856999540818,0.0004404600003908854,3.351899977133144e-05,0.004966862999935984
0.0330623830013792,0.027042043999244925,0.0004341449985076906,3.3926000469364226e-05,0.004756567999720573
0.032487405000210856,0.029519253999751527,0.00042275699888705276,3.066700082854368e-05,0.005446193999887328
0.0354670749984507,0.03401948900136631,0.0004219610000291141,3.244400068069808e-05,0.00474927100003697
0.039267407000807,0.027231839998421492,0.00042116400072700344,3.244399886170868e-05,0.005158936999578145
0.032892105999053456,0.027463893999083666,0.0004382389997772407,3.3888998586917296e-05,0.0048923640006250935
0.03287399600048957,0.028090761001294595,0.0004286460007278947,3.188899972883519e-05,0.004754901001433609
0.0333497890005674,0.02751965300012671,0.0005190159990888787,4.314800025895238e-05,0.004864642000029562
0.03299842100022943,0.02747691200056579,0.0004282570007489994,3.199999991920777e-05,0.004684161000113818
0.032667329998730565,0.027546856999833835,0.0004655720003938768,3.864799873554148e-05,0.004820530000870349
0.032916496000325424,0.027567375000216998,0.0005378680016292492,3.35730001097545e-05,0.004868252000960638
0.03305466100027843,0.02732945000025211,0.0004933309992338764,3.7185000110184774e-05,0.004954232999807573
0.03286134799964202,0.027730874999178923,0.00046523899982275907,6.507400030386634e-05,0.004968695999195916
0.03327640099996643,0.027713596000467078,0.00046314600149344187,6.292600119195413e-05,0.004982010999810882
0.03326802999981737,0.02801183600058721,0.0004774610006279545,3.405499955988489e-05,0.0049886220003827475
0.03355838100105757,0.027653893001115648,0.0004943490002915496,3.714800004672725e-05,0.005189195000639302
0.03342053000051237,0.02796555900022213,0.0005495149998751003,3.62959999620216e-05,0.0049125300010928186
0.03351025199845026,0.027525505000085104,0.0004952559993398609,3.7481000617844984e-05,0.004941289000271354
0.03304688400021405,0.027555467999263783,0.0004879790012637386,3.5628998375614174e-05,0.004988067001249874
0.033113976000095136,0.02762954100035131,0.0004949419999320526,3.59069999831263e-05,0.00498280700048781
0.03318914200099243,0.027621799999906216,0.0004888680014119018,3.370299964444712e-05,0.0049904549996426795
0.03318264199879195,0.02761206000104721,0.0004969420006091241,3.437099985603709e-05,0.004930474000502727
0.03312060600001132,0.027702448000127333,0.0005037379996792879,3.749999996216502e-05,0.00495773400143662
0.03324829000121099,0.02724872900034825,0.0004917940004816046,3.785199987760279e-05,0.005112621000080253
0.03293771700009529,0.0271906920006586,0.0004700350000348408,3.8776999645051546e-05,0.004986214000382461
0.032732386000134284,0.027024581999285147,0.000430923000749317,3.2091998946270905e-05,0.0050777890010067495
0.032610570999167976,0.027063265999458963,0.00043635000110953115,3.161099994031247e-05,0.0050881590013887035
0.03266692299985152,0.02680861999942863,0.0004390720005176263,3.329599894641433e-05,0.005109028999868315
0.03243555300105072,0.027089617999081383,0.0004363860007288167,3.122199996141717e-05,0.0050261409996892326
0.03263203399910708,0.027606838000792777,0.0004956089996994706,3.377800021553412e-05,0.005320657999618561
0.03350460399997246,0.027259190999757266,0.0004294049995223759,3.231399932701606e-05,0.00496006700086582
0.03272868100066262,0.027031804000216653,0.00043508999988262076,3.2202999136643484e-05,0.0048024939987953985
0.032350424999094685,0.02872725900124351,0.0004201459996693302,3.155599915771745e-05,0.005284213000777527
0.034534061000158545,0.03540048299873888,0.0004163859994150698,3.168500006722752e-05,0.004677345999880345
0.040570437000496895,0.028340389999357285,0.0004722929988929536,3.374000152689405e-05,0.00474399400081893
0.033636881000347785,0.02797687299971585,0.00041955300002882723,3.205599932698533e-05,0.00478997500067635
0.03326325299894961,0.028358149000268895,0.0004202759992040228,3.079599991906434e-05,0.004713475000244216
0.03356723300021258,0.027861798998856102,0.00041581299956305884,3.1166000553639606e-05,0.004682216000219341
0.033035717000529985,0.02822092799942766,0.0004739970008813543,3.337099951750133e-05,0.004822605000299518
0.033608640000238665,0.02784815199993318,0.00042179399861197453,3.138800093438476e-05,0.00777357100014342
0.036120904000199516,0.028368073999445187,0.0004181079984846292,3.175900019414257e-05,0.004710401999545866
0.03357425200010766,0.02817270500054292,0.00041875699935189914,3.17960002576001e-05,0.004752345999804675
0.03341997399911634,0.028410482000253978,0.0004204050001135329,3.109200042672455e-05,0.004711994000899722
0.03362632599964854,0.028101557998525095,0.00041401599992241245,3.1703999411547557e-05,0.00467321700125467
0.03326541900059965,0.02821777999997721,0.00042055399899254553,3.1278001188184135e-05,0.004744419999042293
0.03345906699905754,0.02813202099969203,0.0004177940008958103,3.2129000828717835e-05,0.004716438999821548
0.03334329000063008,0.02830401999926835,0.0004207760011922801,3.0851999326841906e-05,0.004716216999440803
0.03351739999925485,0.02798685400011891,0.0004235900014464278,3.1648000003769994e-05,0.004742753999380511
0.03323566000108258,0.028280871998504153,0.000425220001488924,3.246300002501812e-05,0.00472153100054129
0.03351084499990975,0.027928520999921602,0.0004209969993098639,3.237000055378303e-05,0.004726012000901392
0.03315366099923267,0.029950696000014432,0.0005614049987343606,4.2240000766469166e-05,0.005342528000255697
0.03595405400119489,0.03262518200062914,0.0005944969998381566,3.9667000237386674e-05,0.00534482399962144
0.03866668799855688,0.03242533199954778,0.0005422750000434462,4.066600013175048e-05,0.005475434998515993
0.03854505900017102,0.02719648799939023,0.0004782010000781156,3.1833000321057625e-05,0.004784568000104628
0.032539163999899756,0.027263302999926964,0.0004234789994370658,3.044500044779852e-05,0.004716974999610102
0.03248058999997738,0.02755846800027939,0.0004371640006866073,3.111099977104459e-05,0.0047250679999706335
0.03279679300067073,0.027488190000440227,0.0004300720011087833,3.0870000045979396e-05,0.004741994000141858
0.03273666300083278,0.027539209000678966,0.00042684999971243087,3.120300061709713e-05,0.00471747499977937
0.03276518199891143,0.027679818998876726,0.00043914600064454135,3.0704000892001204e-05,0.0047623830014345
0.03295758800049953,0.02767352299997583,0.0004449419993761694,3.177799953846261e-05,0.0047741050002514385
0.03297062499950698,0.027503930999955628,0.0004194430002826266,6.201799988048151e-05,0.0047483830003329786
0.032778626000435906,0.027770745000452735,0.0004215159988234518,3.205500070180278e-05,0.005251380000117933
0.03352201099914964,0.02974340099899564,0.0004307199997128919,3.220300095563289e-05,0.004733623998617986
0.034984911000719876,0.027836670000397135,0.0004277759999240516,3.149999974993989e-05,0.004806123999514966
0.033147641999676125,0.027419209000072442,0.00042427600055816583,3.1240999305737205e-05,0.004803919999176287
0.0327236820012331,0.027632412000457407,0.0004264979997969931,3.301800097688101e-05,0.004725307999251527
0.03286312599993835,0.026919656000245595,0.0004239049994794186,3.162900065944996e-05,0.004783698001119774
0.03220612899895059,0.027581337999436073,0.0004255540006852243,3.222199848096352e-05,0.004752475999339367
0.03283592099978705,0.027275951000774512,0.0004272379992471542,3.1351999496109784e-05,0.004734901000119862
0.03251525700034108,0.027475468999909936,0.0004230169997754274,3.17960002576001e-05,0.004808788999071112
0.03280958899995312,0.027248266000242438,0.0004278679989511147,3.2388999898103066e-05,0.004816437998670153
0.032570831001066836,0.026406954999401933,0.0002813139999489067,3.846300023724325e-05,0.00493167800050287
0.03170550199865829,0.02664706500036118,0.0002832569989550393,3.7369998608483e-05,0.00485653000032471
0.031869112001004396,0.026644344001397258,0.00028247999944142066,3.809199915849604e-05,0.004875419001109549
0.03188827899975877,0.026745694998680847,0.00028316499992797617,3.84619997930713e-05,0.0048432530002173735
0.03197989000000234,0.027105543998914072,0.00028342400037217885,3.825900057563558e-05,0.004866011000558501
0.03233944299972791,0.02701763699951698,0.0002860349995899014,3.385099989827722e-05,0.0048683259992685635
0.03225059199940006,0.028099020999434288,0.00042871999903582036,3.129600008833222e-05,0.004724530999737908
0.03332780799973989,0.027759652999520767,0.0004217389996483689,3.205499888281338e-05,0.004690809000749141
0.0330800880001334,0.027977409999948577,0.00042631300129869487,3.092599945375696e-05,0.0047469750006712275
0.033226846000616206,0.027526283000042895,0.00047812699995120056,3.0351999157574028e-05,0.004705030998593429
0.032784237000669236,0.0279114290005964,0.0004173499983153306,3.1536999813397415e-05,0.0047637900006520795
0.03317080899978464,0.02758978199926787,0.0004934610005875584,3.187000038451515e-05,0.00472995700147294
0.032891052000195486,0.02766057799999544,0.00042433099952177145,3.1424999178852886e-05,0.004740382000818499
0.03292075500030478,0.027531264000572264,0.0004847939999308437,3.31110004481161e-05,0.0047360500011564
0.03283060699868656,0.027712614999472862,0.00042335000034654513,3.0499999411404133e-05,0.004740364000099362
0.032957606001218664,0.02785609599959571,0.0004254420000506798,3.25740002153907e-05,0.004759715999171021
0.03311873599886894,0.027956447998803924,0.0004404419996717479,3.1702998967375606e-05,0.004875066999375122
0.03334997499950987,0.02796518800096237,0.0004364240012364462,3.122199996141717e-05,0.00483628999973007
0.03331440100009786,0.02822981700046512,0.00042062800093845,2.987100015161559e-05,0.004729605998363695
0.033454012000220246,0.02765794900005858,0.0004972200003976468,3.353700049046893e-05,0.004871326000284171
0.03310501300074975,0.02822152000044298,0.00041957199937314726,3.122199996141717e-05,0.00472123500003363
0.03343867799958389,0.02836820499942405,0.0006746069993823767,5.2424999012146145e-05,0.005360638999263756
0.0345066730005783,0.028827369000282488,0.0004267760014045052,3.157399987685494e-05,0.0047800310003367485
0.03411074900031963,0.027915114000279573,0.0004603119996318128,3.538899909472093e-05,0.004759733999890159
0.03321928999866941,0.027698874000634532,0.00042222000047331676,3.1648000003769994e-05,0.005287694999424275
0.033491547999801696,0.02748691299893835,0.00042303400005039293,3.146299968648236e-05,0.004715846000181045
0.032701645000997814,0.02744219099986367,0.0004225899992889026,3.0684999728691764e-05,0.0047269570004573325
0.032667497000147705,0.027505116999236634,0.0004191090010863263,3.0981000236351974e-05,0.00472653100041498
0.0327275899999222,0.02723858100034704,0.0004223870000714669,3.457400089246221e-05,0.0048285490011039656
0.03256979400066484,0.027001562999430462,0.0004969239998899866,3.435200051171705e-05,0.005009454998798901
0.032589089998509735,0.02689015699979791,0.00047327600077551324,3.922200085071381e-05,0.005040919000748545
0.03248894200078212,0.02680421200057026,0.00048145999971893616,0.00011423999967519194,0.005057493001004332
0.032501313000466325,0.027045192999139545,0.00043957200068689417,3.348099926370196e-05,0.005114917999890167
0.032678718998795375,0.02677417599988985,0.00044110899943916593,3.3741000152076595e-05,0.005081825000161189
0.03237749900108611,0.026590417999614147,0.0004424600010679569,3.290699896751903e-05,0.005011141000068164
0.03212422199976572,0.026600695000524865,0.00043481300053827,3.244400068069808e-05,0.004944289001286961
0.03206092599975818,0.0265789360000781,0.00043060800089733675,3.042599928448908e-05,0.004766791000292869
0.031857169000431895,0.02950364400021499,0.0005043309993197909,3.229600042686798e-05,0.005105103000460076
0.03519390899964492,0.026598695001666783,0.00044962700121686794,3.259200093452819e-05,0.0048374750003858935
0.03197177900074166,0.028419871001460706,0.0004411270001583034,3.251899943279568e-05,0.004858992999288603
0.03380286199899274,0.027232581000134815,0.0004430349999893224,3.2387999453931116e-05,0.00477562300147838
0.03253066400066018,0.02746913500050141,0.00044209000043338165,3.3054999221349135e-05,0.004843549000725034
0.032841311000083806,0.028087927999877138,0.00043547899986151606,3.18710008286871e-05,0.004806679000466829
0.033413826999094454,0.02967214300042542,0.0005190709998714738,3.255499905208126e-05,0.005077252000774024
0.03534892800053058,0.027229618001001654,0.00043918299888900947,3.246300002501812e-05,0.00489271499827737
0.03264445999957388,0.02710995199959143,0.0004396089989313623,3.396300053282175e-05,0.004811808001250029
0.03244575800090388,0.02859366699885868,0.0004425529987202026,3.338900023663882e-05,0.004890771000646055
0.03401034199850983,0.027126729000883643,0.0005073119991720887,3.400000059627928e-05,0.004837603999476414
0.0325540900012129,0.02864853700157255,0.0004444980004336685,3.35000004270114e-05,0.004784807999385521
0.033963971998673514,0.02923686699978134,0.0004451459990377771,3.407399890420493e-05,0.005043048000516137
0.034807208001438994,0.02703261899841891,0.00044538700058183167,3.3444999644416384e-05,0.0048516599999857135
0.032410294999863254,0.028102594000301906,0.0004286459989089053,3.17960002576001e-05,0.004730086999188643
0.033338326999000856,0.03839515200161259,0.00042857200060097966,3.203699998266529e-05,0.004678901999795926
0.04357908900055918,0.02789039300114382,0.0004296829993108986,3.1147999834502116e-05,0.004824308000024757
0.03322212400053104,0.027436153999587987,0.0004909239996777615,3.203699998266529e-05,0.004699642000559834
0.032704125998861855,0.02728333999948518,0.00042277500142517965,3.148100040561985e-05,0.004702865000581369
0.032485405999977957,0.026330214999688906,0.000377886999558541,3.911100066034123e-05,0.004906771000605659
0.03170013199996902,0.025998142999014817,0.0003601459993660683,3.9185000787256286e-05,0.004947825998897315
0.031393170000228565,0.025895736000165925,0.00032118299895955715,4.007399911643006e-05,0.0052619720008806325
0.03156833600041864,0.025677645000541816,0.00031820200092624873,3.98519987356849e-05,0.004873881998719298
0.030967766000685515,0.0282039089997852,0.00031910899997456,4.029599949717522e-05,0.005288675998599501
0.03390884199870925,0.02595694000046933,0.0003216280001652194,3.9351998566417024e-05,0.005041640000854386
0.03141044800031523,0.0264927140015061,0.0003128499993181322,3.901899981428869e-05,0.00502052900083072
0.0319178350000584,0.0283886489996803,0.00031955400118022226,1.1926000297535211e-05,0.0
0.02878259099998104,0.032383796000431175,0.00030973899993114173,1.1092999557149597e-05,0.0
0.03275801600102568,0.031938518999595544,0.000302369000564795,1.1091999112977646e-05,0.0
0.03230555499976617,0.034415433001413476,0.0003109799999947427,1.1926000297535211e-05,0.0
0.03479928199885762,0.03173392800090369,0.00030311000045912806,1.2129999959142879e-05,0.0
0.03210303700143413,0.03332749400033208,0.00030868399881001096,1.105599949369207e-05,0.0
0.033708158998706494,0.03409980499964149,0.00031942399982654024,1.1722000635927543e-05,0.0
0.034486377000575885,0.031948501000442775,0.00031031300022732466,1.135200000135228e-05,0.0
0.03232992499943066,0.032158037000044715,0.00030307300039567053,1.2426000466803089e-05,0.0
0.03252694200091355,0.03329466099967249,0.00030586899993068073,1.103699833038263e-05,0.0
0.03366506599923014,0.033291993999228,0.00030472099933831487,1.1833000826300122e-05,0.0
0.03366054800062557,0.033082031999583705,0.000306183999782661,1.1277999874437228e-05,0.0
0.03345332699973369,0.032060927000202355,0.0003016280006704619,1.1685000572470017e-05,0.0
0.0324269060001825,0.032570997000220814,0.00036592399919754826,1.3129001672496088e-05,0.0
0.03300397699968016,0.033903268000358366,0.00030664699988847133,1.229599911312107e-05,0.0
0.03427600699978939,0.03250560900050914,0.000305591000142158,1.1926000297535211e-05,0.0
0.032882347999475314,0.033529215001181,0.00030460900052275974,1.1666999853332527e-05,0.0
0.033897880000949954,0.033073477001380525,0.00030614699971920345,1.1758998880395666e-05,0.0
0.03344552999988082,0.033499381999718025,0.0002944799998658709,1.1129999620607123e-05,0.0
0.03385825099940121,0.043905754000661545,0.00041718300053616986,3.079599991906434e-05,0.004698845999882906
0.049096208000264596,0.027695449000020744,0.0005039229999965755,3.425900104048196e-05,0.004829920000702259
0.033110106000094675,0.027410598999267677,0.0004366829998616595,3.17960002576001e-05,0.00468897599967022
0.032618887000353425,0.027345488000719342,0.00042947900146828033,3.2369998734793626e-05,0.004767567999806488
0.03262138600075559,0.02712976700058789,0.00042903400026261806,3.057400135730859e-05,0.004757124001116608
0.03239725799903681,0.027064396999776363,0.0004911079995508771,3.2223000744124874e-05,0.004719845999716199
0.03247083200039924,0.025901327999235946,0.00037727599919890054,4.709300083050039e-05,0.005079103999378276
0.03145218899953761,0.02591530999961833,0.00031916499938233756,4.046300091431476e-05,0.005145806999280467
0.031493114000113565,0.025493219998679706,0.00032049799847300164,3.9963000745046884e-05,0.0050453629992261995
0.03095411700087425,0.025926921000063885,0.0003092949991696514,3.922200085071381e-05,0.004926511001031031
0.031257726999683655,0.027177673999176477,0.0003042389998881845,3.8518001019838266e-05,0.00487403100123629
0.03244590599933872,0.027738949000195134,0.0003178509996359935,3.740699867194053e-05,0.004832734000956407
0.03297582900086127,0.02815902099973755,0.0003730910011654487,3.7924999560345896e-05,0.0048536419999436475
0.033471659999122494,0.02810083599979407,0.00030483199952868745,1.1314999937894754e-05,0.0
0.02847079700040922,0.032761811000455054,0.0003219800000806572,1.1926000297535211e-05,0.0
0.03315708799891581,0.03338256800088857,0.00030272100048023276,1.1166999684064649e-05,0.0
0.033750047001376515,0.03268795999974827,0.0003025540008820826,1.1389000064809807e-05,0.0
0.033054458999686176,0.03274459000022034,0.00032746199940447696,1.1129999620607123e-05,0.0
0.033136124000520795,0.032945459000984556,0.0003810170001088409,1.2425998647813685e-05,0.0
0.03339201199923991,0.03288431100008893,0.0003225540003768401,1.1259000530117191e-05,0.0
0.03327136500047345,0.03289842199956183,0.00032229499993263744,1.229599911312107e-05,0.0
0.03329358699920704,0.03325097599918081,0.0003473130000202218,1.2148000678280368e-05,0.0
0.03366386200104898,0.032696072001272114,0.00030431300001509953,1.1407000783947296e-05,0.0
0.033065828998587676,0.03376045500044711,0.0002983510003105039,1.1166999684064649e-05,0.0
0.03412230499998259,0.03509783600020455,0.00031357299849332776,1.1314001312712207e-05,0.0
0.03547935300048266,0.03009027000007336,0.0003038320010091411,1.1091999112977646e-05,0.0
0.030457676000878564,0.03264636699896073,0.000321683999572997,1.1148000339744613e-05,0.0
0.03303212499849906,0.03265992300111975,0.0003413499998714542,1.1259000530117191e-05,0.0
0.03306699500171817,0.033194882998941466,0.00031931299963616766,1.166600122814998e-05,0.0
0.03358393700000306,0.03302847699887934,0.0002893130003940314,1.0333000318496488e-05,0.0
0.033381363999069436,0.045304987999770674,0.0003578320011001779,1.1629999789875e-05,0.0
0.045735023000816,0.02589392100162513,0.0003137200001219753,1.1444000847404823e-05,0.0
0.02627466000012646,0.0330314590009948,0.00032585100052529015,1.2036998668918386e-05,0.0
0.033424381999793695,0.03106169099919498,0.0003117950000159908,1.1389000064809807e-05,0.0
0.0314397080001072,0.029769050001050346,0.00030312800117826555,1.1519001418491825e-05,0.0
0.03013639899836562,0.03268209000088973,0.0003227760007575853,1.1778000043705106e-05,0.0
0.033074588000090444,0.03273184899990156,0.00028975799978070427,1.0887999451369978e-05,0.0
0.03308488400034548,0.033678658999633626,0.00030464600058621727,1.1406998964957893e-05,0.0
0.03405156500048179,0.03221211099844368,0.00031960900014382787,1.1480999091872945e-05,0.0
0.03259773799982213,0.03281520000018645,0.0003158689996780595,1.2833001164835878e-05,0.0
0.033200902000317,0.033088105999922846,0.0003105349987890804,1.1796000762842596e-05,0.0
0.033468678999270196,0.032997698999679415,0.0003306279995740624,1.1573998563108034e-05,0.0
0.03339173499989556,0.03280931199878978,0.00029131399969628546,1.079600042430684e-05,0.0
0.03316927200103237,0.034797098000126425,0.0003142949990433408,1.2758999218931422e-05,0.0
0.035178743999495055,0.03153935599948454,0.0002985539995279396,1.107400021282956e-05,0.0
0.03190629799973976,0.032478090999575215,0.0003194250002707122,1.2202999641885981e-05,0.0
0.03286353300063638,0.033002903999658884,0.00031612800012226216,1.2073998732375912e-05,0.0
0.03338269800042326,0.032974163001199486,0.0003262390000600135,1.1056001312681474e-05,0.0
0.03336599399881379,0.032863644999451935,0.00029109099887136836,1.1092999557149597e-05,0.0
0.033217513000636245,0.033737140000084764,0.00030783100010012276,1.1166999684064649e-05,0.0
0.034109250000256,0.03221459300038987,0.0003250359986850526,1.2000000424450263e-05,0.0
0.03260349700030929,0.032862718999240315,0.00031999799830373377,1.0925999958999455e-05,0.0
0.03325416199913889,0.03396652799892763,0.00030884999978297856,1.1297001037746668e-05,0.0
0.03434665500026313,0.03205464900020161,0.00031492400012211874,1.1000000085914508e-05,0.0
0.032432721000077436,0.03277157100092154,0.00029738800003542565,1.1537000318639912e-05,0.0
0.03313186599916662,0.03382643599979929,0.00030470199999399483,1.0963000022456981e-05,0.0
0.03419600800043554,0.03216540799985523,0.0003217759986000601,1.1723001080099493e-05,0.0
0.03255727599935199,0.03283457100042142,0.00032327600092685316,1.1426000128267333e-05,0.0
0.03322362400103884,0.032929589000559645,0.0003157579994876869,1.1684998753480613e-05,0.0
0.03331834600066941,0.03316688400082057,0.0002956649987027049,1.075899854185991e-05,0.0
0.033522807998451754,0.043764829000792815,0.000293314000373357,1.1129000995424576e-05,0.0
0.04412177199992584,0.026114291000340017,0.00031188700086204335,1.2202999641885981e-05,0.0
0.02649445499991998,0.03374206700027571,0.0003186089998052921,1.2018001143587753e-05,0.0
0.034128453000448644,0.02926901599857956,0.00030492500081891194,1.146300019172486e-05,0.0
0.029639272001077188,0.032095352999022,0.00029973999880894553,1.0518999260966666e-05,0.0
0.0324564989987266,0.03255040600015491,0.0003219619993615197,1.1167001503054053e-05,0.0
0.03294223700140719,0.032859737000762834,0.00029584999901999254,1.1389000064809807e-05,0.0
0.03321875399888086,0.03372245499849669,0.0003054980006709229,1.0629999451339245e-05,0.0
0.03409608299989486,0.03225294500043674,0.00032197899963648524,1.1462998372735456e-05,0.0
0.03264046000003873,0.032749960000728606,0.00032485000156157184,1.3148001016816124e-05,0.0
0.03314571800001431,0.0341156750000664,0.00030327599961310625,1.2814998626708984e-05,0.0
0.03449330300099973,0.03199366799890413,0.0003250539994041901,1.2278000212972984e-05,0.0
0.032384721000198624,0.03277645999878587,0.00032357199961552396,1.1778000043705106e-05,0.0
0.0331730689995311,0.03496855999947002,0.0003172390006511705,1.162899934570305e-05,0.0
0.035350725000171224,0.03141046699965955,0.00029755399918940384,1.1406998964957893e-05,0.0
0.03177892799976689,0.032399832000010065,0.00032455399923492223,1.144499947258737e-05,0.0
0.03278871899965452,0.03295368100043561,0.0003278679996583378,1.1407999409129843e-05,0.0
0.03338692000033916,0.03293182900051761,0.0003219800000806572,1.1666999853332527e-05,0.0
0.03331927199906204,0.03273868199903518,0.00033668299874989316,1.2148000678280368e-05,0.0
0.033144421000542934,0.03310238400081289,0.00033146100031444803,1.1647998690023087e-05,0.0
0.03353941999921517,0.03309788499973365,0.00030875700031174347,1.1148000339744613e-05,0.0
0.03347025200127973,0.03259386799982167,0.00032481400012329686,1.3388998922891915e-05,0.0
0.03299218199936149,0.032876571000088006,0.00038814599975012243,1.3184999261284247e-05,0.0
0.03333542000109446,0.033940601999347564,0.0003057200010516681,1.0685000233934261e-05,0.0
0.03431291499873623,0.0319247789993824,0.00032475700027134735,1.1758998880395666e-05,0.0
0.03231529600088834,0.032804590000523604,0.00038196099922060966,2.1462001313921064e-05,0.0
0.03327514199918369,0.03304519999983313,0.000318978998620878,1.1481000910862349e-05,0.0
0.03342734600119002,0.0326897380000446,0.00034309100010432303,1.2426000466803089e-05,0.0
0.03309886599890888,0.03310475400030555,0.000364424000508734,1.440699998056516e-05,0.0
0.03354745599972375,0.03317293999862159,0.000319053999191965,1.1185000403202139e-05,0.0
0.0335543820001476,0.04435447399919212,0.00030033199982426595,1.1258998711127788e-05,0.0
0.04472558300039964,0.025941959000192583,0.00031984999986889306,1.1314999937894754e-05,0.0
0.026326696999603882,0.029833956999937072,0.0003091280013904907,1.135200000135228e-05,0.0
0.030215548000342096,0.032080871000289335,0.0003081089998886455,1.1481999536044896e-05,0.0
0.03245899899957294,0.03247333299987076,0.0003519060010148678,1.1129000995424576e-05,0.0
0.033017957999618375,0.03281758899902343,0.00030694300039613154,1.20189997687703e-05,0.0
0.033188532001076965,0.032858959999430226,0.0003123500009678537,1.1702999472618103e-05,0.0
0.033242346999031724,0.03395541599820717,0.00030455400155915413,1.1222000466659665e-05,0.0
0.03433121099988057,0.03217229700021562,0.0002987770003528567,1.144399902841542e-05,0.0
0.03253466500063951,0.03255257300043013,0.00031957200008037034,1.1795998943853192e-05,0.0
0.0329379600007087,0.03292155199960689,0.00032775799991213717,5.679700007021893e-05,0.0
0.033360641999024665,0.03295673700085899,0.0003209240003343439,1.2055999832227826e-05,0.0
0.033350494000842446,0.0328992559989274,0.00031825699988985434,1.0944000678136945e-05,0.0
0.03328780999981973,0.0329127189997962,0.0003193319989804877,1.1591999282245524e-05,0.0
0.033348660999763524,0.033105754999269266,0.00029661000007763505,1.1889000234077685e-05,0.0
0.033465716000137036,0.03276288600136468,0.0003196100005879998,1.2018001143587753e-05,0.0
0.03314779100037413,0.032835885000167764,0.00029851699946448207,1.135200000135228e-05,0.0
0.033203494998815586,0.03375156600122864,0.00030712800071341917,1.1982001524302177e-05,0.0
0.03412087900142069,0.03334945700044045,0.0003085349999309983,1.2092001270502806e-05,0.0
0.03372869599843398,0.032115501000589575,0.0003552570015017409,1.0722000297391787e-05,0.0
0.032533314000829705,0.034536414001195226,0.0003175169986207038,1.1647998690023087e-05,0.0
0.03491972700066981,0.03130911600055697,0.000301776000924292,1.1037000149372034e-05,0.0
0.03167524299897195,0.03263671999957296,0.00031853499967837706,1.1037000149372034e-05,0.0
0.03301853300035873,0.03301621799982968,0.00031755400050315075,1.1277999874437228e-05,0.0
0.03339842000059434,0.03391250999993645,0.00030331400012073573,1.1055000868509524e-05,0.0
0.03427960099907068,0.032245630000034,0.0003578310006560059,1.1518999599502422e-05,0.0
0.0326662010011205,0.03322864300025685,0.0003079609996348154,1.1000000085914508e-05,0.0
0.033600752998609096,0.03239340599975549,0.0003208130001439713,1.0795998605317436e-05,0.0
0.03278001500075334,0.032838885999808554,0.00031710999974166043,1.1703999916790053e-05,0.0
0.03322071799993864,0.03520739199848322,0.0002986649997183122,1.1017998986062594e-05,0.0
0.035570501000620425,0.04355262699937157,0.00030042499929550104,1.1943999197683297e-05,0.0
0.04391769899848441,0.02611892099957913,0.00031627599855710287,1.1963000360992737e-05,0.0
0.026500678000957123,0.03585012999974424,0.00031066500014276244,1.2776999938068911e-05,0.0
0.03623112700006459,0.02561147800042818,0.0003111459991487209,7.190700125647709e-05,0.0
0.026049661999422824,0.03167720599958557,0.00035686899900611024,1.2074000551365316e-05,0.0
0.032106741000461625,0.032555906000197865,0.0003229240010114154,1.1980999261140823e-05,0.0
0.03294886699950439,0.03297218099942256,0.00032240600012301,1.162899934570305e-05,0.0
0.033358624001266435,0.03302512600021146,0.0002997209994646255,1.1129000995424576e-05,0.0
0.033390271999451215,0.03297927399944456,0.0003015350011992268,1.1037000149372034e-05,0.0
0.03334343799906492,0.032930237999607925,0.0003002760004164884,1.164800050901249e-05,0.0
0.03330145800100581,0.03265627600012522,0.0003237569999328116,1.164800050901249e-05,0.0
0.03304988499985484,0.033116661999883945,0.0003185159985150676,1.1055000868509524e-05,0.0
0.03350040099940088,0.03301090399872919,0.0003026469985343283,1.1333000657032244e-05,0.0
0.03337769800054957,0.0334703830012586,0.00036075700154469814,1.1481000910862349e-05,0.0
0.033896454000569065,0.032023667999965255,0.00032286900022882037,1.1091999112977646e-05,0.0
0.03241190699918661,0.03333721699891612,0.00029886899937991984,1.0851999832084402e-05,0.0
0.03370010400067258,0.0327719420001813,0.0003264240003773011,1.1813999662990682e-05,0.0
0.03316227299910679,0.033060736999686924,0.00029979500141052995,1.0555000699241646e-05,0.0
0.03342416099985712,0.03280431200073508,0.00031357299849332776,1.2165999578428455e-05,0.0
0.033184013000209234,0.03286840400141955,0.00030644300022686366,1.2147998859290965e-05,0.0
0.03324086599968723,0.032886885999687365,0.0003202940006303834,1.2352000339888036e-05,0.0
0.033278495000558905,0.03314762499940116,0.000302312999338028,1.1203999747522175e-05,0.0
0.03351875199950882,0.032737034000092535,0.0003170910003973404,1.1333000657032244e-05,0.0
0.033118589000878274,0.03314851399954932,0.00030527600029017776,1.1260000974289142e-05,0.0
0.033517808000397054,0.03284168200116255,0.0003176280006300658,1.1295998774585314e-05,0.0
0.033223772999917855,0.03270609100036381,0.0003303499997855397,1.2314998457441106e-05,0.0
0.03310275500007265,0.03295946000071126,0.00031979500090528745,1.0722000297391787e-05,0.0
0.03334236399859947,0.03340732699871296,0.00030418399910558946,1.0906998795690015e-05,0.0
0.033776733000195236,0.03251872099826869,0.0003265730010753032,1.2296000932110474e-05,0.0
0.03291192300093826,0.03306043999873509,0.0002886830006900709,1.1240001185797155e-05,0.0
0.03341651299888326,0.045066323000355624,0.0002995909999299329,1.0963000022456981e-05,0.0
0.045430172000124,0.026526474001002498,0.00031538800067210104,1.2407999747665599e-05,0.0
0.026910047001365456,0.030686711999805993,0.0003786829984164797,1.1796999388025142e-05,0.0
0.031133504999161232,0.03140222700130835,0.0003105729992967099,1.1852000170620158e-05,0.0
0.031779057999301585,0.031471968000914785,0.0003027019993169233,1.1518000974319875e-05,0.0
0.031844225000895676,0.03250455499983218,0.0002921470004366711,1.1389000064809807e-05,0.0
0.03285920099915529,0.034916171000077156,0.00031501700141234323,1.175900069938507e-05,0.0
0.03529883600094763,0.031029192001369665,0.0003250720001233276,1.2445001630112529e-05,0.0
0.03142574499906914,0.03294495999944047,0.00031899900022835936,1.0981999366777018e-05,0.0
0.03332779100128391,0.03478978300154267,0.00031475799914915115,1.1296000593574718e-05,0.0
0.03517261399974814,0.031388818999403156,0.0003011839999089716,1.0833000487764366e-05,0.0
0.03175376199942548,0.03265001700128778,0.0003194429991708603,1.1203999747522175e-05,0.0
0.03303864500048803,0.032898552000915515,0.00031242399927577935,1.1518000974319875e-05,0.0
0.0332809579995228,0.03292034900005092,0.00031173899878922384,1.1258998711127788e-05,0.0
0.033303439000519575,0.03289603399935004,0.00030542400054400787,1.0888999895541929e-05,0.0
0.033264753999901586,0.03295509000054153,0.0003128499993181322,1.1313999493722804e-05,0.0
0.03333310599919059,0.032897663999392535,0.00032422000003862195,1.2258999049663544e-05,0.0
0.03329208700051822,0.033169977001307416,0.0002998689997184556,1.1222000466659665e-05,0.0
0.033539956999447895,0.0328166079998482,0.0003131829998892499,1.1703999916790053e-05,0.0
0.033193328001289046,0.03283470099995611,0.00031520199991064146,1.1314999937894754e-05,0.0
0.03321436599981098,0.032852423000804265,0.0003586650000215741,1.1850999726448208e-05,0.0
0.033283179998761625,0.03306871799941291,0.0003029239996976685,1.1852000170620158e-05,0.0
0.03343949400004931,0.03279857099914807,0.00031742399914946873,1.1128999176435173e-05,0.0
0.033186495000336436,0.03288571899975068,0.0003646459990704898,1.1629001164692454e-05,0.0
0.03331599500052107,0.03393664000032004,0.00030962800155975856,1.137000072048977e-05,0.0
0.03431808200002706,0.0320576499998424,0.00031981299980543554,1.1148000339744613e-05,0.0
0.032442092000565026,0.033084274000430014,0.00032855400058906525,1.1222000466659665e-05,0.0
0.03348360499876435,0.03276535000077274,0.00030301699916890357,1.14820013550343e-05,0.0
0.03313125500062597,0.03278862699880847,0.0003258320011809701,1.1591999282245524e-05,0.0
0.03317945799972222,0.03308479200131842,0.0003339429986226605,1.1776999599533156e-05,0.0
0.03348153099977935,0.045502042999942205,0.00029797999923175666,1.1554999218787998e-05,0.0
0.04587031899973226,0.0262129200000345,0.0003180539988534292,1.1444000847404823e-05,0.0
0.026595233000989538,0.03080824900098378,0.0003158310009894194,1.1110998457297683e-05,0.0
0.031258838998837746,0.02971021700068377,0.0003043870001420146,1.1611000445554964e-05,0.0
0.030080696000368334,0.03235405499981425,0.00031559099988953676,1.1591999282245524e-05,0.0
0.03273575700040965,0.03272368299985828,0.00032405400088464376,1.1889000234077685e-05,0.0
0.03328775500085612,0.03268242400008603,0.0003329800001665717,1.1684998753480613e-05,0.0
0.03308777299935173,0.03287262699996063,0.0003367389999766601,1.3778000720776618e-05,0.0
0.033288643000560114,0.0327583490015968,0.00034968399995705113,1.2554999557323754e-05,0.0
0.033184995998453815,0.03318284700071672,0.00032236800143436994,1.2241000149515457e-05,0.0
0.0335693450015242,0.03284284900109924,0.00032333099989045877,1.3980999938212335e-05,0.0
0.03324488399994152,0.03290753399960522,0.0003297019993624417,1.2684999092016369e-05,0.0
0.03331573600007687,0.03302749700014829,0.00031746100103191566,1.1537000318639912e-05,0.0
0.03340919799848052,0.03278394200060575,0.0003338679998705629,1.259300006495323e-05,0.0
0.03318773600040004,0.03285768299974734,0.0003345540008012904,1.2332999176578596e-05,0.0
0.03325873600078921,0.03308258900142391,0.0002916469984484138,1.1277001249254681e-05,0.0
0.03343653099909716,0.03475154300031136,0.00037764700027764775,1.2278000212972984e-05,0.0
0.035195763000956504,0.031367356999908225,0.00035199800004193094,1.1518999599502422e-05,0.0
0.03178435500012711,0.0325463690005563,0.00033486900065327063,1.1759999324567616e-05,0.0
0.032953421999991406,0.03346786500151211,0.00029711000024690293,1.0814999768626876e-05,0.0
0.033828510999228456,0.032441294999443926,0.00032366499908675905,1.3128999853506684e-05,0.0
0.03284232999976666,0.032977292999930796,0.0003264979986852268,1.1407000783947296e-05,0.0
0.03337014300086594,0.03285190399947169,0.00032542400003876537,1.1629999789875e-05,0.0
0.03324925499873643,0.032900125999731245,0.0003245349998906022,1.2444999811123125e-05,0.0
0.03329453200058197,0.03297927399944456,0.00032268399991153274,1.1778000043705106e-05,0.0
0.03337273500073934,0.034853875999033335,0.0003781279992836062,1.229699955729302e-05,0.0
0.03529761400022835,0.03143807900050888,0.00035523799851944204,1.2036998668918386e-05,0.0
0.0318594469990785,0.033281309999438236,0.00030434999825956766,1.1203001122339629e-05,0.0
0.033650659999693744,0.03211561200077995,0.00032503500005987007,1.2019001587759703e-05,0.0
0.03251183199972729,0.033106533001046046,0.000332757001160644,1.3776998457615264e-05,0.0
0.03350925300037488,0.045852338000258896,0.00029966500005684793,1.0981000741594471e-05,0.0
0.046216836000894546,0.026080050000018673,0.0003215729993826244,1.166700167232193e-05,0.0
0.02646958599871141,0.03126341299866908,0.00037692400110245217,1.2222000805195421e-05,0.0
0.03171646600094391,0.029323849001229974,0.00030112800050119404,1.1314999937894754e-05,0.0
0.02969088399913744,0.03215313100008643,0.00031105400012165774,1.1407000783947296e-05,0.0
0.03252994300055434,0.032804589998704614,0.00031916499938233756,1.146300019172486e-05,0.0
0.033187458000611514,0.032962977998977294,0.00031375700018543284,1.1554999218787998e-05,0.0
0.03334705099950952,0.0329268299992691,0.0003176829995936714,1.172199881693814e-05,0.0
0.03330956799982232,0.03293399599897384,0.00031807300001673866,1.2500000593718141e-05,0.0
0.03332369900090271,0.03299188500022865,0.0003109240005869651,1.1258998711127788e-05,0.0
0.03337369799919543,0.03292610800053808,0.00032220200046140235,1.1537000318639912e-05,0.0
0.033312217999991844,0.032910293999520945,0.0003201280014764052,1.1686001016641967e-05,0.0
0.033295772000201396,0.03299845999936224,0.0003089990004809806,1.0796999049489386e-05,0.0
0.03337108800042188,0.032791941999676055,0.00032249799915007316,1.0981000741594471e-05,0.0
0.033178902998770354,0.032946422001259634,0.00031529499938187655,1.1685000572470017e-05,0.0
0.033325087000775966,0.032903256000281544,0.00032483200084243435,1.1703999916790053e-05,0.0
0.03329242099971452,0.0330128120003792,0.00032314599957317114,1.164800050901249e-05,0.0
0.03340658700108179,0.03298703399923397,0.00032816500061016995,1.1406998964957893e-05,0.0
0.03338584699849889,0.03263797999898088,0.0003292759993200889,1.1869999070768245e-05,0.0
0.03303240400055074,0.033301883999229176,0.00030875699849275406,1.1629999789875e-05,0.0
0.033681159000479965,0.03252159200019378,0.0003336099998705322,1.2204000086057931e-05,0.0
0.032929941999100265,0.032920441999522154,0.00032894300056796055,1.172299926111009e-05,0.0
0.03331677300047886,0.03292577499996696,0.00033349799923598766,1.3573999240179546e-05,0.0
0.033336604999931296,0.032789423001304385,0.00034631299968168605,1.1592999726417474e-05,0.0
0.03320157000052859,0.03298975599864207,0.00033172100120282266,1.1222000466659665e-05,0.0
0.03339158699964173,0.033305977000054554,0.0003174620014760876,1.0944000678136945e-05,0.0
0.03369527100039704,0.03278473899990786,0.0003303499997855397,1.2055999832227826e-05,0.0
0.03318629199930001,0.03293312700043316,0.00033005300065269694,1.2128999514970928e-05,0.0
0.03333405000012135,0.032895922999159666,0.0003218870006094221,1.2167000022600405e-05,0.0
0.03328360699924815,0.03311236599984113,0.00031264700010069646,1.1555999662959948e-05,0.0
0.033487253000203054,0.045946633001221926,0.0002981470006488962,1.1092999557149597e-05,0.0
0.04630979800094792,0.026020828998298384,0.0004752750010084128,1.2443999366951175e-05,0.0
0.02656608600045729,0.0315260590014077,0.00037390500074252486,1.2741000318783335e-05,0.0
0.031968334998964565,0.029083702000207268,0.00032920199919317383,1.2129001333960332e-05,0.0
0.02948027400088904,0.03183354000066174,0.00031894200037640985,1.1887999789905734e-05,0.0
0.03221816699988267,0.03280353499940247,0.00032431299950985704,1.1407000783947296e-05,0.0
0.03319147699949099,0.03299060800054576,0.00032072099929791875,1.1165999239892699e-05,0.0
0.033376716999555356,0.03287077499953739,0.00031996100005926564,1.1333000657032244e-05,0.0
0.033260125001106644,0.032861163999768905,0.0003339429986226605,1.2444999811123125e-05,0.0
0.0332600879992242,0.032800348999444395,0.0003947389996028505,1.1869999070768245e-05,0.0
0.03326658799960569,0.03315423699859821,0.00030431300001509953,1.1702999472618103e-05,0.0
0.033532772000398836,0.033810269998866715,0.0003536829990480328,1.259300006495323e-05,0.0
0.03423252699940349,0.03211711299991293,0.00031518399919150397,1.1277999874437228e-05,0.0
0.03249564700126939,0.03274472099838022,0.00033394300044164993,1.1982001524302177e-05,0.0
0.03314310799942177,0.03291671900115034,0.0003244620002078591,1.1702999472618103e-05,0.0
0.033313402000203496,0.03342299500036461,0.000298554001346929,1.0814999768626876e-05,0.0
0.033784547998948256,0.03265401699900394,0.00030660899938084185,1.1815000107162632e-05,0.0
0.033023923000655486,0.032739886999479495,0.0003272199992352398,1.105599949369207e-05,0.0
0.033139125000161584,0.03303790300014953,0.00034270200012542773,1.199999860546086e-05,0.0
0.03344575399933092,0.03286516399930406,0.0003312579992780229,1.0943998859147541e-05,0.0
0.03326001400091627,0.033929732999240514,0.00036249799995857757,1.1389000064809807e-05,0.0
0.03436022999994748,0.03196007699989423,0.00031788799969945103,1.1166001058882102e-05,0.0
0.03234214899930521,0.032741590999648906,0.000324238999382942,1.1018000805051997e-05,0.0
0.03313619900109188,0.03259607299878553,0.0003576100007194327,1.2000000424450263e-05,0.0
0.033023329999195994,0.033184162000907236,0.0003777759993681684,1.2111000614822842e-05,0.0
0.03362812399973336,0.03284240500033775,0.00032564600041951053,1.1758998880395666e-05,0.0
0.03323316200112458,0.03303621899976861,0.00032194300001719967,1.1555999662959948e-05,0.0
0.033422067999708815,0.032735609998781,0.00037136799983272795,1.4092000128584914e-05,0.0
0.03318082899932051,0.032931349000136834,0.00032657199881214183,1.2222000805195421e-05,0.0
0.03332975500052271,0.03287338599875511,0.00038673800008837134,1.413000063621439e-05,0.0
0.03333803199893737,0.04578974600008223,0.0002922019994002767,1.144499947258737e-05,0.0
0.04614679900078045,0.02581975599969155,0.0003181830015819287,1.1666999853332527e-05,0.0
0.026204753999991226,0.03386602899990976,0.0003133869995508576,1.2111000614822842e-05,0.0
0.03424591600014537,0.028134336000221083,0.00031094299993128516,1.174099998024758e-05,0.0
0.028511390000858228,0.03157420800016553,0.00030210899967642035,1.079600042430684e-05,0.0
0.03194565099875035,0.032583369000349194,0.00031927600139169954,1.1980999261140823e-05,0.0
0.032974662999549764,0.03279831300096703,0.0003274059999966994,1.1148000339744613e-05,0.0
0.03336288400168996,0.03290533000108553,0.00032127600024978165,1.161099862656556e-05,0.0
0.033292402998995385,0.032879553000384476,0.0003181279989803443,1.1850999726448208e-05,0.0
0.0332700319995638,0.03303366299951449,0.00035620200105768163,1.2628999684238806e-05,0.0
0.03345723500024178,0.032863219999853754,0.0003154799996991642,1.1815000107162632e-05,0.0
0.03324342199994135,0.03284740500021144,0.00029670299954887014,1.0239999028271995e-05,0.0
0.03320605100088869,0.03434284099967044,0.0003087580007559154,1.1314999937894754e-05,0.0
0.03471619199990528,0.03197109500069928,0.0003026100002898602,1.0167001164518297e-05,0.0
0.032341574000383844,0.03264996100006101,0.0003224240008421475,1.176000114355702e-05,0.0
0.0330386819987325,0.03497370900004171,0.0003132940000796225,1.1017998986062594e-05,0.0
0.03535376200125029,0.0311477660015953,0.00030390599931706674,1.1259999155299738e-05,0.0
0.03151450499899511,0.03271327599941287,0.0003189979997841874,1.1165999239892699e-05,0.0
0.033095663000494824,0.032654108999849996,0.0003394430004846072,1.3537000995711423e-05,0.0
0.033066496000174084,0.03286794199993892,0.0003383309995115269,1.2778000382240862e-05,0.0
0.033283699998719385,0.03291782999986026,0.00033518300006107893,1.2221998986206017e-05,0.0
0.033322847000818,0.03401760300039314,0.0003034429992112564,1.1037000149372034e-05,0.0
0.0343857490006485,0.03206129799946211,0.0003189609997207299,1.1850999726448208e-05,0.0
0.03244940699914878,0.03276464599912288,0.0003259610002714908,1.4332999853650108e-05,0.0
0.03316010700109473,0.034942579999551526,0.0003161650001857197,1.2296000932110474e-05,0.0
0.03532526199887798,0.031305765000070096,0.00030709100064996164,1.1500000255182385e-05,0.0
0.031683356000939966,0.03260337000028812,0.00032473899955220986,1.135099955718033e-05,0.0
0.03299262600012298,0.0326588880016061,0.0003462759996182285,1.2758999218931422e-05,0.0
0.03307358899837709,0.0332426069999201,0.0003170360014337348,1.1518000974319875e-05,0.0
0.03362988300068537,0.032915886000409955,0.00036496100074145943,1.3129001672496088e-05,0.0
0.03334934700069425,0.04742329300097481,0.00029970200012030546,1.2333000995568e-05,0.0
0.04778819799867051,0.026137660999665968,0.0002970909990835935,1.0980998922605067e-05,0.0
0.02650573400023859,0.030409565999434562,0.00031481299993174616,1.2814000001526438e-05,0.0
0.030793009000262828,0.029364885998802492,0.00030918399897927884,1.1852000170620158e-05,0.0
0.0297402720007085,0.03191276200050197,0.000302293999993708,1.1481000910862349e-05,0.0
0.03227807499933988,0.032555944000705495,0.0003180170006089611,1.1000000085914508e-05,0.0
0.03293949699946097,0.03280292299859866,0.00031960900014382787,1.1037000149372034e-05,0.0
0.033186996000949875,0.03312366300087888,0.0003012199995282572,1.1815000107162632e-05,0.0
0.03348951299994951,0.032839498000612366,0.00031744300031277817,1.2148000678280368e-05,0.0
0.03322273599951586,0.032840165000379784,0.0003277020005043596,1.2110998795833439e-05,0.0
0.033239570000660024,0.03303073799906997,0.00031462800143344793,1.1277001249254681e-05,0.0
0.03340810599911492,0.03304716399907193,0.00030727599914825987,1.1222000466659665e-05,0.0
0.033424606001062784,0.03260896200117713,0.00033822099976532627,1.1926000297535211e-05,0.0
0.03301810799894156,0.03305146000093373,0.000316554000164615,1.1240999810979702e-05,0.0
0.03343153199966764,0.03279512700100895,0.00033271999927819706,1.2537000657175668e-05,0.0
0.033195107000210555,0.03308403399933013,0.0003201829986210214,1.1684998753480613e-05,0.0
0.03347460599979968,0.0330527379992418,0.00031955399936123285,1.0777001079986803e-05,0.0
0.03343645700078923,0.03274881300058041,0.000321739000355592,1.1426000128267333e-05,0.0
0.03313625600094383,0.03278872000009869,0.00033344300027238205,1.1461999747552909e-05,0.0
0.03318838499944832,0.034296101999643724,0.0003019989999302197,1.0908001058851369e-05,0.0
0.03466137699979299,0.03210014999967825,0.0002989250006066868,1.107400021282956e-05,0.0
0.03246731400031422,0.03263598099874798,0.0003220170001441147,1.1129000995424576e-05,0.0
0.03302221999911126,0.03301282999927935,0.0003111649984930409,1.1202999303350225e-05,0.0
0.03338597600122739,0.03295740500107058,0.0003240349997213343,1.1592999726417474e-05,0.0
0.03334642099980556,0.03283962800014706,0.0003120539986412041,1.2721999155473895e-05,0.0
0.03322403299898724,0.03328573600083473,0.00030233200050133746,1.0740999641711824e-05,0.0
0.03365169700009574,0.03267096200033848,0.0003135349998046877,1.1389000064809807e-05,0.0
0.03304929300065851,0.032706682999560144,0.00032640599965816364,1.1925998478545807e-05,0.0
0.03309769999941636,0.034946486999615445,0.0003154989990434842,1.201799932459835e-05,0.0
0.035329226000612834,0.031564560000333586,0.00032885000109672546,1.3295999451656826e-05,0.0
0.03197242799978994,0.04497393599922361,0.00029590499980258755,1.0888001270359382e-05,0.0
0.04533326700038742,0.026380031000371673,0.0003052949996344978,1.1702999472618103e-05,0.0
0.026758547999634175,0.032698257999072666,0.00032235000071523245,1.203700048790779e-05,0.0
0.03308951500002877,0.028610629999093362,0.0003080360002059024,1.1870000889757648e-05,0.0
0.02898435099996277,0.0316989110015129,0.0003014619996974943,1.049999991664663e-05,0.0
0.03206802000022435,0.032676294998964295,0.00032342399936169386,1.2333000995568e-05,0.0
0.03306427499956044,0.03269366600034118,0.0003429429998504929,1.2388998584356159e-05,0.0
0.033108255000115605,0.034872579999500886,0.0003063690000999486,1.1555001037777402e-05,0.0
0.03524372600077186,0.03164183800072351,0.0003066459994442994,1.1037000149372034e-05,0.0
0.0320129839983565,0.032387592998929904,0.0003330910003569443,1.1703999916790053e-05,0.0
0.03278798000064853,0.03318558899991331,0.00031490599940298125,1.1461999747552909e-05,0.0
0.0335646599996835,0.032720867999159964,0.00032703599936212413,1.1481000910862349e-05,0.0
0.03311394100092002,0.03276007299973571,0.0003462570002739085,1.203600004373584e-05,0.0
0.03317151499868487,0.03308008899875858,0.00036755299879587255,1.562899888085667e-05,0.0
0.033518606000143336,0.032943034000709304,0.0003245169991714647,1.1259000530117191e-05,0.0
0.03333092100001522,0.032751590999396285,0.00033916500069608446,1.1963000360992737e-05,0.0
0.03315670000120008,0.03295001599872194,0.0003859980006382102,1.2147998859290965e-05,0.0
0.03340255100010836,0.03301540399843361,0.0003199239999958081,1.1982001524302177e-05,0.0
0.03339908699854277,0.032845572000951506,0.00033277600050496403,1.1111000276287086e-05,0.0
0.0332428660003643,0.03270688799966592,0.0003498679998301668,1.1852000170620158e-05,0.0
0.033166608000101405,0.034128324999983306,0.0003053500004170928,1.1833000826300122e-05,0.0
0.03449806299977354,0.04174671200053126,0.0004175529993517557,1.4147999536362477e-05,0.0
0.04225076500006253,0.03321779200086894,0.0004143309997743927,1.4628998542320915e-05,0.0
0.03371528900061094,0.033021885001289775,0.0003787200002989266,1.4444000044022687e-05,0.0
0.03360456799964595,0.026348364999648766,0.0003083870014961576,1.2018001143587753e-05,0.0
0.026725437001005048,0.03007180900021922,0.00030262799919000827,1.1574000382097438e-05,0.0
0.03043736200015701,0.032103056999403634,0.0003048309990845155,1.0981000741594471e-05,0.0
0.03247138899860147,0.032506518000445794,0.0003369429996382678,1.1518999599502422e-05,0.0
0.03291375700064236,0.03285842400146066,0.00034279399915249087,1.1500000255182385e-05,0.0
0.033274477000304614,0.033062903999962145,0.0003275540002505295,1.107400021282956e-05,0.0
0.0334636240004329,0.04722872000093048,0.0002923130014096387,1.1408001228119247e-05,0.0
0.04758468199906929,0.025995402998887585,0.0003754049994313391,1.3591999959317036e-05,0.0
0.026448066999364528,0.02824929899907147,0.00038181300078576896,1.3982000382384285e-05,0.0
0.028701168001134647,0.030128901000352926,0.00031862799914961215,1.288900057261344e-05,0.0
0.03051547299946833,0.032836256999871694,0.0003386839998711366,1.2000000424450263e-05,0.0
0.03324412499932805,0.03316934800022864,0.00032122100128617603,1.1037000149372034e-05,0.0
0.03355656800158613,0.03285794200019154,0.00033481299942650367,1.1852000170620158e-05,0.0
0.0332754399987607,0.03306177500053309,0.0003555900002538692,1.2370001059025526e-05,0.0
0.033623698000155855,0.03254511100021773,0.0003483870004856726,1.1666999853332527e-05,0.0
0.03295842300030927,0.03287334900051064,0.00035559099887905177,1.203700048790779e-05,0.0
0.033296143999905325,0.03278207199946337,0.0003650540002126945,1.2092001270502806e-05,0.0
0.03322355199998128,0.03310271900045336,0.0003291279990662588,1.1260000974289142e-05,0.0
0.03349766099927365,0.032871683999474044,0.0003476649999356596,1.2630000128410757e-05,0.0
0.033292422000158695,0.03283907200057001,0.00035146099980920553,1.2204000086057931e-05,0.0
0.03326551400095923,0.03390890000082436,0.00030868400062900037,1.1943999197683297e-05,0.0
0.03428428699953656,0.03202109499943617,0.00033253499896090943,1.2111000614822842e-05,0.0
0.032418889000837225,0.03278333200069028,0.0003619430008257041,1.2517999493866228e-05,0.0
0.033211959000254865,0.03474884000024758,0.0003090169993811287,1.1758998880395666e-05,0.0
0.035124708998409915,0.031510171000263654,0.00029847999940102454,1.1260000974289142e-05,0.0
0.03187163199982024,0.032527870000194525,0.00035214600029576104,1.1981001080130227e-05,0.0
0.03294953500153497,0.03299029300069378,0.000358516999767744,1.0722000297391787e-05,0.0
0.03341266200004611,0.03288497900030052,0.00033546099984960165,1.1092999557149597e-05,0.0
0.033297717998721055,0.032763609999165055,0.00036314600038167555,1.7350999769405462e-05,0.0
0.03319956999985152,0.03309970100053761,0.0003474240002105944,1.1055000868509524e-05,0.0
0.03351045700037503,0.03278499800035206,0.00035707200004253536,1.146300019172486e-05,0.0
0.03320577399972535,0.03290325699890673,0.0003511459999572253,1.1815000107162632e-05,0.0
0.033319977001156076,0.03291020200049388,0.0003624990004027495,1.318500108027365e-05,0.0
0.033343088000037824,0.03292171999964921,0.00034757299908960704,1.1889000234077685e-05,0.0
0.03333477399974072,0.0327636829988478,0.00037953499850118533,1.2462998711271212e-05,0.0
0.03321155099911266,0.03297627499887312,0.0003754419994947966,1.300000076298602e-05,0.0
0.033420236000893055,0.04223476399965875,0.0003156650000164518,1.1850999726448208e-05,0.0
0.04262246699909156,0.02558062800017069,0.00031159100035438314,1.1834001270472072e-05,0.0
0.02595821800059639,0.03142496799955552,0.00030053499904170167,1.105599949369207e-05,0.0
0.03179550300046685,0.03262320300018473,0.0003331460011395393,1.0870000551221892e-05,0.0
0.033020348999343696,0.03275370200026373,0.0003503320003801491,1.32589993881993e-05,0.0
0.03317881200018746,0.03319845999976678,0.0003188880000379868,1.0925999958999455e-05,0.0
0.033587160000024596,0.032905441999901086,0.00030072100162215065,1.1611000445554964e-05,0.0
0.03327179299958516,0.03277209099906031,0.0003214429998479318,1.1535999874467961e-05,0.0
0.033159403001263854,0.03303945999869029,0.0003112760005024029,1.0851999832084402e-05,0.0
0.033414661998904194,0.03303695999966294,0.0003047580012207618,1.0813999324454926e-05,0.0
0.033406218000891386,0.032734925000113435,0.0003275540002505295,1.1500000255182385e-05,0.0
0.033132921998912934,0.033029552001607954,0.00031418300022778567,1.107400021282956e-05,0.0
0.03341362500032119,0.03303058999881614,0.00031685100111644715,1.1777001418522559e-05,0.0
0.033412254000722896,0.03392093699949328,0.00030805400092503987,1.144399902841542e-05,0.0
0.0342944730000454,0.03214302000014868,0.0003001099994435208,1.0684998414944857e-05,0.0
0.032511813999008154,0.03272014700087311,0.00031660900094721,1.1019001249223948e-05,0.0
0.0331085340003483,0.03281183199942461,0.0003214429998479318,1.1314999937894754e-05,0.0
0.03319688500050688,0.033038775000022724,0.00031596199914929457,1.135099955718033e-05,0.0
0.033418717999666114,0.03295868300119764,0.0003025539990630932,1.1481000910862349e-05,0.0
0.03332690299976093,0.03282853499877092,0.00032127600024978165,1.1369998901500367e-05,0.0
0.033214015000339714,0.033054182000341825,0.0003176649988745339,1.2036998668918386e-05,0.0
0.03343656899960479,0.032960348999040434,0.00032140599978447426,1.176000114355702e-05,0.0
0.033347106000292115,0.032814906000567134,0.00031760899946675636,1.1666999853332527e-05,0.0
0.03319771899987245,0.032980812999085174,0.0002919250000559259,1.133299883804284e-05,0.0
0.03333525500056567,0.0341196770004899,0.0003092580009251833,1.1481999536044896e-05,0.0
0.03449972999987949,0.033103421999840066,0.00030429499929596204,1.1240999810979702e-05,0.0
0.03347160599878407,0.03199107700129389,0.00030042499929550104,1.1591999282245524e-05,0.0
0.03235588999996253,0.03476265499921283,0.0003936649991373997,1.2258999049663544e-05,0.0
0.03523354100070719,0.03056145499976992,0.00033462800092820544,1.1981001080130227e-05,0.0
0.030962323000494507,0.033066514999518404,0.0003239979996578768,1.1093001376139e-05,0.0
0.03345332800017786,0.044561401000464684,0.00029794299916829914,1.1407000783947296e-05,0.0
0.04492367700004252,0.025958607000575284,0.00031707200105302036,1.1666999853332527e-05,0.0
0.026384827999208937,0.029161238999222405,0.0003096469990850892,1.2425998647813685e-05,0.0
0.029537440999774844,0.03407119599978614,0.00031794299866305664,1.2204000086057931e-05,0.0
0.03452830400055973,0.030979544999354403,0.00030644300022686366,1.1758998880395666e-05,0.0
0.031349283999588806,0.03285179500016966,0.000317869000355131,1.1426000128267333e-05,0.0
0.03323508799985575,0.034025602999463445,0.0003081279992329655,1.0851999832084402e-05,0.0
0.03439815700039617,0.03191328100001556,0.0003058870006498182,1.144399902841542e-05,0.0
0.032283426999129006,0.03285670200057211,0.00031496100018557627,1.1647998690023087e-05,0.0
0.0332354590009345,0.03407069500099169,0.00030507300107274204,1.1314999937894754e-05,0.0
0.03444080500048585,0.03221681600007287,0.000302369000564795,1.1277999874437228e-05,0.0
0.03258127799927024,0.032630147999952896,0.0003229240010114154,1.0833000487764366e-05,0.0
0.03301607100002002,0.03386669700012135,0.00030948000130592845,1.1685000572470017e-05,0.0
0.03424312099923554,0.033159144999444834,0.0003123869992123218,1.1852000170620158e-05,0.0
0.033538254001541645,0.03185278100136202,0.0003153689995087916,1.1148000339744613e-05,0.0
0.03223126000011689,0.03274016499926802,0.0003212950014130911,1.1111000276287086e-05,0.0
0.033126904998425744,0.0327278690001549,0.0003595910002331948,1.4147999536362477e-05,0.0
0.03315605200077698,0.032850462001078995,0.0004117939988645958,1.4204000763129443e-05,0.0
0.03333844000007957,0.03299129400147649,0.0003183130011166213,1.1389000064809807e-05,0.0
0.03337312499934342,0.03333625499908521,0.0002968320004583802,1.1314999937894754e-05,0.0
0.03369553100128542,0.032531610999285476,0.00038116399991849903,1.2518001312855631e-05,0.0
0.03298366399940278,0.032872294999833684,0.00032816499879118055,1.1629999789875e-05,0.0
0.03327082999931008,0.03271348099951865,0.00037353599873313215,1.3332999515114352e-05,0.0
0.033159422000608174,0.03295762800007651,0.00040811000144458376,1.3221999324741773e-05,0.0
0.0334343100003025,0.03292334999969171,0.00035253500027465634,1.2500000593718141e-05,0.0
0.03335138500005996,0.03284364700084552,0.0003530160010996042,1.2833999790018424e-05,0.0
0.03326710699911928,0.033118904000730254,0.00037253500158840325,1.1685000572470017e-05,0.0
0.03355499499957659,0.03289898000002722,0.00030775800041737966,1.1980999261140823e-05,0.0
0.033278662000157055,0.03270020299896714,0.000353387000359362,1.1888998415088281e-05,0.0
0.033120312000392005,0.03402051000011852,0.0003360350001457846,1.3314000170794316e-05,0.0
0.034428324001055444,0.042117209999560146,0.00029612800062750466,1.0944000678136945e-05,0.0
0.04248181899856718,0.02577940500123077,0.0003148499999952037,1.1517999155330472e-05,0.0
0.026159384000493446,0.030112364000160596,0.0003714060003403574,1.162899934570305e-05,0.0
0.03054821400110086,0.03292623800007277,0.0003021650009031873,1.2148000678280368e-05,0.0
0.03329238499827625,0.03278912899986608,0.00034498000059102196,1.2648000847548246e-05,0.0
0.033206181000423385,0.032997590000377386,0.0003768309998122277,1.1684998753480613e-05,0.0
0.0334449769998173,0.034072084999934305,0.0003104799998254748,1.1759999324567616e-05,0.0
0.03445532300065679,0.032034965999628184,0.0003012020006281091,1.1869999070768245e-05,0.0
0.03240113100036979,0.03239835199929075,0.00032927699976426084,1.1334001101204194e-05,0.0
0.03296351599965419,0.03285529399909137,0.00029584999901999254,1.1017998986062594e-05,0.0
0.03321338500063575,0.034903173000202514,0.0003174799985572463,1.2000000424450263e-05,0.0
0.03528835599900049,0.03248124099991401,0.00030946200058679096,1.1223000910831615e-05,0.0
0.03285618399968371,0.03184883699941565,0.00029966500005684793,1.1167001503054053e-05,0.0
0.032218131000263384,0.03253698099979374,0.0003197389996785205,1.1814001481980085e-05,0.0
0.032928683000136516,0.03288633100055449,0.0003225899999961257,1.3110999134369195e-05,0.0
0.033283200000369106,0.033093329999246635,0.00031612800012226216,1.1184998584212735e-05,0.0
0.033473254999989877,0.032874276001166436,0.00032455399923492223,1.1277001249254681e-05,0.0
0.03326268099954177,0.03293964600015897,0.0003219239988538902,1.1889000234077685e-05,0.0
0.033371440000337316,0.03291223899941542,0.00032190599995374214,1.1334001101204194e-05,0.0
0.033298811000349815,0.03286594299970602,0.0003256469990446931,1.1537000318639912e-05,0.0
0.0332547739999427,0.03288296200116747,0.0003179619998263661,1.1500000255182385e-05,0.0
0.033270421999986866,0.03394714099886187,0.0003014799985976424,1.2721999155473895e-05,0.0
0.034315417000470916,0.03215441000065766,0.00030712799889442977,1.1666999853332527e-05,0.0
0.03252622199943289,0.032703277000109665,0.00032059099976322614,1.1537000318639912e-05,0.0
0.03308862700032478,0.03307859000051394,0.0003193870015820721,1.146300019172486e-05,0.0
0.033460290998846176,0.03288034999968659,0.0003209059996152064,1.2092999895685352e-05,0.0
0.03326723700047296,0.03303138699993724,0.0003089059991907561,1.2202999641885981e-05,0.0
0.03340471800038358,0.03286249799930374,0.0003252579990657978,1.137100116466172e-05,0.0
0.033251589000428794,0.0330071449989191,0.00031549800041830167,1.079700086847879e-05,0.0
0.03338575499947183,0.03286544300135574,0.0003240910009481013,1.2000000424450263e-05,0.0
0.03325445900009072,0.04342205499960983,0.0002976279993163189,1.1480999091872945e-05,0.0
0.04378290500062576,0.02592864500002179,0.0003078499994444428,1.20189997687703e-05,0.0
0.026302124999347143,0.030019828000149573,0.00035707200004253536,1.175900069938507e-05,0.0
0.030442121998930816,0.032278259999657166,0.0003176460013492033,1.1091999112977646e-05,0.0
0.03265942500001984,0.03297884900166537,0.0003190910010744119,1.1500000255182385e-05,0.0
0.033367570000336855,0.0328647579990502,0.0003193869997630827,1.1832999007310718e-05,0.0
0.03325347800091549,0.03297708999889437,0.00031640499946661294,1.1647998690023087e-05,0.0
0.033358828999553225,0.03297060899967619,0.0003240910009481013,1.1277999874437228e-05,0.0
0.03335955100010324,0.033043960998838884,0.0003111469995928928,1.1240001185797155e-05,0.0
0.03342497700032254,0.03285788699940895,0.0003189430008205818,1.1369998901500367e-05,0.0
0.03324008900017361,0.03293999800007441,0.00031231299908540677,1.0907000614679419e-05,0.0
0.03331710699967516,0.03299022000101104,0.0003018869992956752,1.1240999810979702e-05,0.0
0.03335597799923562,0.03275822099931247,0.00031242399927577935,1.2999998943996616e-05,0.0
0.03314014500028861,0.033150237999507226,0.00030631300069217104,1.1686001016641967e-05,0.0
0.03352012399955129,0.03277411000090069,0.0003175170004396932,1.175900069938507e-05,0.0
0.03315501600081916,0.03397691900136124,0.0003050539999094326,1.1888998415088281e-05,0.0
0.034347230999628664,0.032061447000160115,0.00030312799935927615,1.0981999366777018e-05,0.0
0.03242818599937891,0.03275655399920652,0.00032059100158221554,1.2222000805195421e-05,0.0
0.033149608001622255,0.03307318199949805,0.00031583099917043,1.1518999599502422e-05,0.0
0.03345243999865488,0.03288610900017375,0.00029038799948466476,1.0778001524158753e-05,0.0
0.03323931100021582,0.03467176699996344,0.00030946200058679096,1.1908001397387125e-05,0.0
0.03504883899950073,0.03158743099993444,0.00029770199944323394,1.1425001503084786e-05,0.0
0.03194872600033705,0.0326529619997018,0.0003178309998475015,1.0925999958999455e-05,0.0
0.033039720001397654,0.03280451799946604,0.0003219049995095702,1.1815000107162632e-05,0.0
0.033191866999914055,0.03754151100110903,0.000359239000317757,1.3906999811297283e-05,0.0
0.03798082399953273,0.035860556999978144,0.00036072099828743376,1.3684999430552125e-05,0.0
0.0363075730001583,0.03430143500008853,0.0005303670004650485,1.3797000065096654e-05,0.0
0.03490978399895539,0.029810459000145784,0.00031686900001659524,1.231500027643051e-05,0.0
0.030194401000699145,0.02858809400095197,0.0003156469992973143,1.172199881693814e-05,0.0
0.028970592999030487,0.03313438599980145,0.00036631299917644355,1.3758999557467178e-05,0.0
0.03357618000154616,0.04216735800036986,0.00029620299937960226,1.079600042430684e-05,0.0
0.042532559999017394,0.026192588000412798,0.00033622100090724416,1.2333999620750546e-05,0.0
0.026605900000504334,0.031406820999109186,0.0003219979989808053,1.2221998986206017e-05,0.0
0.03179656000065734,0.030042124000829062,0.00032483199902344495,1.135200000135228e-05,0.0
0.03043830699971295,0.03275138800017885,0.00033364599948981777,1.1481999536044896e-05,0.0
0.03315560800001549,0.03277910999895539,0.00033766500018828083,1.1500000255182385e-05,0.0
0.0331882009995752,0.03306221999991976,0.00032540499887545593,1.2554999557323754e-05,0.0
0.03345880999950168,0.03362099500009208,0.00030349899861903396,1.1148000339744613e-05,0.0
0.03398938099962834,0.03213283600052819,0.0003285160000814358,1.2129999959142879e-05,0.0
0.03253033400142158,0.032924516999628395,0.00037110900120751467,1.2406999303493649e-05,0.0
0.03337266199923761,0.032978109000396216,0.00031931300145515706,1.1833999451482669e-05,0.0
0.033362125999701675,0.03272881399971084,0.0003398870012460975,1.1795998943853192e-05,0.0
0.03313647799950559,0.03290418399956252,0.00039614600063941907,1.1981999705312774e-05,0.0
0.03336986700014677,0.0328330360007385,0.0003417389998503495,1.1980999261140823e-05,0.0
0.033249385000090115,0.0329243870000937,0.00034272100128873717,1.1943999197683297e-05,0.0
0.03333379300056549,0.032923535000009,0.00037888699989707675,1.3815000784234144e-05,0.0
0.03337382899917429,0.03293701599977794,0.0003252019996580202,1.3925999155617319e-05,0.0
0.033333126000798075,0.032807702000354766,0.0003442760007601464,1.1554999218787998e-05,0.0
0.033223366999663995,0.03297764599847142,0.0003755910001927987,1.205500120704528e-05,0.0
0.03342240300116828,0.03291918399918359,0.00031598000168742146,1.1850999726448208e-05,0.0
0.03331056999923021,0.032871665000129724,0.00033985000118263997,1.19440010166727e-05,0.0
0.03328399699967122,0.03285836900067807,0.000337775998559664,1.2721999155473895e-05,0.0
0.033307514000625815,0.03295477500068955,0.00032944300073722843,1.2704000255325809e-05,0.0
0.033354478000546806,0.0327334810008324,0.0003499060003377963,1.1537000318639912e-05,0.0
0.03315094099889393,0.03304368300086935,0.00034072100061166566,1.1537000318639912e-05,0.0
0.03349284800060559,0.03303927500019199,0.0003175729998474708,1.1796000762842596e-05,0.0
0.033432402999096666,0.032758646999354823,0.00033877599889819976,1.1684998753480613e-05,0.0
0.03317255200090585,0.032827536000695545,0.0003426650000619702,1.2055999832227826e-05,0.0
0.033242219000385376,0.03325418200074637,0.0003160539999953471,1.0907000614679419e-05,0.0
0.033633716999247554,0.03274096200038912,0.00032675699912942946,1.2426000466803089e-05,0.0
0.033138996999696246,0.045511341999372235,0.0002982949990837369,1.1259000530117191e-05,0.0
0.04587335799988068,0.025957589999961783,0.00031794299866305664,1.2703001630143262e-05,0.0
0.026343976000134717,0.028834130000177538,0.00036416500006453134,1.231399983225856e-05,0.0
0.029265610000948072,0.03163307900103973,0.00036627599911298603,1.1426000128267333e-05,0.0
0.03206461299851071,0.03270196300036332,0.0003246649994252948,1.2111000614822842e-05,0.0
0.0330913870002405,0.03276586900028633,0.0003325540001242189,1.2073998732375912e-05,0.0
0.03316307100067206,0.034227844000270125,0.0003057950016227551,1.1518999599502422e-05,0.0
0.034599934000652866,0.03194509599961748,0.00031918300010147505,1.1185000403202139e-05,0.0
0.032327259999874514,0.03275355499863508,0.00032657199881214183,1.1407000783947296e-05,0.0
0.03314596000018355,0.034898674000942265,0.0003105910000158474,1.2148000678280368e-05,0.0
0.03542772699984198,0.031311395001466735,0.0003046830006496748,1.075999898603186e-05,0.0
0.031685411999205826,0.032574666998698376,0.0003243510000174865,1.2777998563251458e-05,0.0
0.0329647760008811,0.03266914699997869,0.0003384240008017514,1.2667000191868283e-05,0.0
0.03307457099981548,0.03425984399837034,0.00030731399965588935,1.1333000657032244e-05,0.0
0.034631619999345276,0.03182318899962411,0.00031507200037594885,1.2351998520898633e-05,0.0
0.03220870500081219,0.034102178000466665,0.00030170200079737697,1.07769992609974e-05,0.0
0.03446795399941038,0.03191776200037566,0.0003206649998901412,1.1629001164692454e-05,0.0
0.03230325999902561,0.03288261000125203,0.0003144610000163084,1.1574000382097438e-05,0.0
0.033262516000831965,0.032561297000938794,0.0003498130008665612,1.2148000678280368e-05,0.0
0.03297994199965615,0.033415107000109856,0.0003171279986418085,1.0943998859147541e-05,0.0
0.03379669800051488,0.032735553999373224,0.0003242760012653889,1.107400021282956e-05,0.0
0.03312944100071036,0.03279368500079727,0.00032459099929837976,1.2722000974463299e-05,0.0
0.03318745999968087,0.03304277600000205,0.00032899799953156617,1.4481000107480213e-05,0.0
0.03343894099998579,0.03295775700098602,0.00032164700132852886,1.1203999747522175e-05,0.0
0.03334958799860033,0.03263994400003867,0.0003399619999981951,1.1852000170620158e-05,0.0
0.03304681300141965,0.0341922319985315,0.0003068690002692165,1.1240999810979702e-05,0.0
0.03456287900007737,0.032891962000576314,0.00030523900022672024,1.2221998986206017e-05,0.0
0.03326582999943639,0.03178063399900566,0.00033677600004011765,1.1815000107162632e-05,0.0
0.03218337200087262,0.033055590000003576,0.0003254429993830854,1.1869999070768245e-05,0.0
0.03344606999962707,0.032722592000936856,0.0003418500000407221,1.2055999832227826e-05,0.0
0.03313925600014045,0.04506910300005984,0.00030033199982426595,1.1129999620607123e-05,0.0
0.04543536099845369,0.025795313000344322,0.00031814599969948176,1.1778000043705106e-05,0.0
0.026187773000856396,0.029383867999058566,0.0003103870003542397,1.0925999958999455e-05,0.0
0.029767533000267576,0.03192950399898109,0.0003108139990217751,1.0888999895541929e-05,0.0
0.03230601999894134,0.03277601800073171,0.00032205400020757224,1.1536998499650508e-05,0.0
0.033169275000545895,0.032883072999538854,0.0003272760004620068,1.4036999345989898e-05,0.0
0.03327755200007232,0.03297722000024805,0.0003214800017303787,1.1277001249254681e-05,0.0
0.03336470000067493,0.03305257199826883,0.00031307199969887733,1.0407999070594087e-05,0.0
0.033435884999562404,0.032742388000770006,0.00031525800113740843,1.412900019204244e-05,0.0
0.033137292999526835,0.03290055400066194,0.0003204610002285335,1.203700048790779e-05,0.0
0.033286515001236694,0.033905141999639454,0.000305591000142158,1.2054999388055876e-05,0.0
0.034276009999302914,0.031912410999211716,0.0003238689987483667,1.2091999451513402e-05,0.0
0.032304334999935236,0.03286988800027757,0.00033672099925752264,1.2445001630112529e-05,0.0
0.033278719000009005,0.03396773399981612,0.00030357199830177706,1.1797001207014546e-05,0.0
0.03433673200015619,0.0319600780003384,0.00032248000024992507,1.1407999409129843e-05,0.0
0.03234672399958072,0.03278372199929436,0.00034205399970232975,1.2202999641885981e-05,0.0
0.03318964500067523,0.033044552999854204,0.00033266500031459145,1.2648000847548246e-05,0.0
0.033452996000050916,0.03296572000181186,0.00032855400058906525,1.2239999705343507e-05,0.0
0.03335871799936285,0.03281442499974219,0.00033496099968033377,1.1722000635927543e-05,0.0
0.03321518300072057,0.03506739499971445,0.0003175170004396932,1.2370001059025526e-05,0.0
0.035458503998597735,0.03115667400015809,0.00031290600054489914,1.1202999303350225e-05,0.0
0.03153569000096468,0.032661555998856784,0.0003298309984529624,1.2000000424450263e-05,0.0
0.033055165000405395,0.032854795001185266,0.0003338309998071054,1.2630000128410757e-05,0.0
0.033265755999309476,0.0329964979991928,0.00032484999974258244,1.1797001207014546e-05,0.0
0.03338555200025439,0.03277585199975874,0.0003370909998920979,1.3036999007454142e-05,0.0
0.033183588999236235,0.033976345001065056,0.0003026650010724552,1.146300019172486e-05,0.0
0.03434356599973398,0.03205013300066639,0.0003245349998906022,1.1666999853332527e-05,0.0
0.032440112001495436,0.03274542500003008,0.0003437949999351986,1.1833999451482669e-05,0.0
0.033158533999085193,0.03483930299989879,0.0003126459996565245,1.1277999874437228e-05,0.0
0.03521741300028225,0.031591430999469594,0.0003025540008820826,1.0425999789731577e-05,0.0
0.031957318000422674,0.044923417999598314,0.0002920539991464466,1.03879992821021e-05,0.0
0.045277156999873114,0.0258824979991914,0.000312684000164154,1.1276999430265278e-05,0.0
0.026268143999914173,0.029103683998982888,0.00031301599847211037,1.1536998499650508e-05,0.0
0.029489331000149832,0.031777894000697415,0.00030699799935973715,1.1129999620607123e-05,0.0
0.03214885399938794,0.03271725800004788,0.000318405998768867,1.1870000889757648e-05,0.0
0.03310033100024157,0.03395649300000514,0.00030494299971906,1.135200000135228e-05,0.0
0.03433213899916154,0.03192641100031324,0.0003280529999756254,1.1517999155330472e-05,0.0
0.032319909001671476,0.03277053700003307,0.00036259100124880206,1.2426000466803089e-05,0.0
0.0332008119985403,0.03289585000129591,0.0003196280013071373,1.1426000128267333e-05,0.0
0.033283386001130566,0.03282372099965869,0.0003363309988344554,1.2704000255325809e-05,0.0
0.03322564500012959,0.03292316499937442,0.0003880540007230593,1.1592001101234928e-05,0.0
0.033375404000253184,0.033134220000647474,0.00032142400050361175,1.1797001207014546e-05,0.0
0.033520087999932,0.033651124000243726,0.00030466599855571985,1.1593001545406878e-05,0.0
0.03402599299988651,0.03211781699974381,0.0003641090006567538,1.4684999769087881e-05,0.0
0.03255820399863296,0.03284255499966093,0.00031829399995331187,1.1850999726448208e-05,0.0
0.03323362700029975,0.032787313999506296,0.00033757199889805634,1.1185000403202139e-05,0.0
0.0331909970009292,0.03288466499907372,0.0003832580005109776,1.2092999895685352e-05,0.0
0.0333341819987254,0.03305908999936946,0.0003148689993395237,1.3019000107306056e-05,0.0
0.033444736000092234,0.032848777000253904,0.0003337760008434998,1.1665999409160577e-05,0.0
0.03324840500135906,0.03262607499891601,0.0003448309998930199,1.2314998457441106e-05,0.0
0.033038034998753574,0.033183478999490035,0.0003323319997434737,1.2278000212972984e-05,0.0
0.0335821799999394,0.03293125799973495,0.00033666499984974507,1.4184999599820003e-05,0.0
0.03333960800046043,0.03302457199970377,0.00037170199902902823,1.1889000234077685e-05,0.0
0.03346210699965013,0.032935629000348854,0.0003234050000173738,1.2407999747665599e-05,0.0
0.033325459000479896,0.032827555000039865,0.00032527599978493527,1.1500000255182385e-05,0.0
0.03322442299941031,0.032792648000395275,0.00033601600080146454,1.0963000022456981e-05,0.0
0.03319314500004111,0.033288997001363896,0.00031109100018511526,1.1129999620607123e-05,0.0
0.033666921000985894,0.0326212600011786,0.00034260900065419264,1.4111001291894354e-05,0.0
0.033033331999831717,0.03279685100096685,0.00034103500001947396,1.164800050901249e-05,0.0
0.03320999700008542,0.03301784999894153,0.00032905400075833313,1.1703999916790053e-05,0.0
0.03341475500019442,0.045954060999065405,0.00030184999923221767,1.1165999239892699e-05,0.0
0.046320114999616635,0.025959627000702312,0.000318460999551462,1.2647999028558843e-05,0.0
0.02634534699973301,0.028612465001060627,0.00030896099997335114,1.0981999366777018e-05,0.0
0.028986649000216858,0.03164137600106187,0.00030603599952883087,1.1129999620607123e-05,0.0
0.032011409999540774,0.03267522299938719,0.0003237019991502166,1.203700048790779e-05,0.0
0.03310929399958695,0.034725027000604314,0.00031198000033327844,1.1073998393840156e-05,0.0
0.03510317300060706,0.031421617000887636,0.0002973320006276481,1.1907000953215174e-05,0.0
0.03178422699966177,0.032383705000029295,0.00034161000075982884,1.1833000826300122e-05,0.0
0.03279222099990875,0.0331752560014138,0.0003182580003340263,1.1389000064809807e-05,0.0
0.033556698999746004,0.03373236500010535,0.0003069239992328221,1.1018000805051997e-05,0.0
0.0341050670012919,0.03211907700097072,0.0003283320002083201,1.1277999874437228e-05,0.0
0.03268292599932465,0.033112368000729475,0.0003042580010514939,1.2352000339888036e-05,0.0
0.03348897700016096,0.03261298199868179,0.00032018399906519335,1.135200000135228e-05,0.0
0.03300446100001864,0.03285149900148099,0.00032268399991153274,1.135200000135228e-05,0.0
0.03324559000066074,0.034676212000704254,0.000315238999974099,1.0759000360849313e-05,0.0
0.035055172998909256,0.0331698680001864,0.00032231300065177493,1.1258998711127788e-05,0.0
0.03356625500055088,0.03229087199906644,0.0003052020001632627,1.1500000255182385e-05,0.0
0.03266609199999948,0.031933152000419796,0.00030749799952900503,1.051900107995607e-05,0.0
0.03230400199936412,0.032739128999310196,0.0003198309987055836,1.0908001058851369e-05,0.0
0.03312151700083632,0.03278651800064836,0.00033120199987024534,1.1426000128267333e-05,0.0
0.03318277499965916,0.03288779499962402,0.0003317949995107483,1.1518999599502422e-05,0.0
0.03328314499958651,0.033129052999356645,0.0003215910001017619,1.105599949369207e-05,0.0
0.03351938400010113,0.0326371859991923,0.0003409990004001884,1.2111000614822842e-05,0.0
0.033043794999684906,0.03307625699926575,0.00032885000109672546,1.2111000614822842e-05,0.0
0.03347668100104784,0.03282235099868558,0.00032551700132898986,1.2352000339888036e-05,0.0
0.03322436700000253,0.03298542499942414,0.00031481299993174616,1.4833000022917986e-05,0.0
0.03337984899917501,0.03307283200047095,0.0003141470006085001,1.1517999155330472e-05,0.0
0.03345092200106592,0.03722584800016193,0.00036046100103703793,1.353699917672202e-05,0.0
0.03767202999915753,0.03677566500118701,0.0003855899994960055,1.7630000002100132e-05,0.0
0.03730923500006611,0.03300066500014509,0.0003636839992395835,1.3981998563394882e-05,0.0
0.03344142199966882,0.04034690500157012,0.0003007769992109388,1.0739999197539873e-05,0.0
0.04071084800125391,0.02671434500007308,0.0002945910000562435,1.1296000593574718e-05,0.0
0.027070565998656093,0.02574483100033831,0.0003171280004607979,1.2054999388055876e-05,0.0
0.026130885000384296,0.031528135999906226,0.0003067939996981295,1.0925999958999455e-05,0.0
0.03190720800012059,0.03203109599962772,0.0003214980006305268,1.1943999197683297e-05,0.0
0.032417038000858156,0.03302472100040177,0.0003162579996569548,1.1499998436192982e-05,0.0
0.03340679199936858,0.032687741000700044,0.00032140599978447426,1.174099998024758e-05,0.0
0.03307433199915977,0.03283016600107658,0.00032444299904454965,1.1666999853332527e-05,0.0
0.033219441000255756,0.03291662899937364,0.00031803599995328113,1.1776999599533156e-05,0.0
0.033301793000646285,0.03308286900028179,0.0003210729992133565,1.164800050901249e-05,0.0
0.03347473699977854,0.033823734998804866,0.0003086279994022334,1.1240001185797155e-05,0.0
0.03420240000014019,0.03220322500055772,0.00030318300014187116,1.1278001693426631e-05,0.0
0.03257029700034764,0.03263992600113852,0.0003251840007578721,1.1889000234077685e-05,0.0
0.03302999799961981,0.0328085179990012,0.0003432569992583012,1.1833000826300122e-05,0.0
0.03321847900042485,0.033122496999567375,0.0003172389988321811,1.2333000995568e-05,0.0
0.03350303299885127,0.03292851700098254,0.00031907200173009187,1.1129000995424576e-05,0.0
0.03331075599999167,0.032670555001459434,0.00034322099963901564,1.1870999514940195e-05,0.0
0.03307912800119084,0.03317951600001834,0.0003216840013919864,1.2628999684238806e-05,0.0
0.03356692099987413,0.032912053999098134,0.00031740600024932064,1.1574000382097438e-05,0.0
0.03329536700039171,0.03312725700016017,0.0003147389998048311,1.1554999218787998e-05,0.0
0.033512884998344816,0.03281031400001666,0.0003137949988740729,1.1314999937894754e-05,0.0
0.03318822000073851,0.03296535099980247,0.00031831400156079326,1.2148000678280368e-05,0.0
0.03334977399936179,0.033070127999963006,0.0003187019992765272,1.1500000255182385e-05,0.0
0.03345995900053822,0.03287520300000324,0.0003140170010738075,1.1702999472618103e-05,0.0
0.03326044200002798,0.0346636939993914,0.00031270199906430207,1.1611000445554964e-05,0.0
0.03504324700043071,0.031580042999848956,0.0003030909992958186,1.1184998584212735e-05,0.0
0.03194787400025234,0.032519018999664695,0.0003173499990225537,1.2370001059025526e-05,0.0
0.032906480999372434,0.03284309199989366,0.0003219050013285596,1.0981999366777018e-05,0.0
0.03322971899979166,0.03262846399957198,0.00034696100010478403,1.1871001333929598e-05,0.0
0.03304855399983353,0.03314355399925262,0.00032581300001766067,1.2277001587790437e-05,0.0
0.03353510700071638,0.04807062600048084,0.000293905999569688,1.0666000889614224e-05,0.0
0.0484347900001012,0.026529142998697353,0.0003819980011030566,1.5297000572900288e-05,0.0
0.026981028999216505,0.025830072001554072,0.000311960999169969,1.1387999620637856e-05,0.0
0.026206440999885672,0.031861225999819,0.0003024620000360301,1.1555001037777402e-05,0.0
0.03222855800049729,0.032455574999403325,0.0003246649994252948,1.2036998668918386e-05,0.0
0.03284459200040146,0.0328321289998712,0.000335923999955412,1.4295999790192582e-05,0.0
0.03323766299945419,0.032932479998635245,0.0003251650014135521,1.174099998024758e-05,0.0
0.03332310800033156,0.03279253599976073,0.0003407579988561338,1.2129999959142879e-05,0.0
0.03320151600019017,0.032862480999028776,0.00038827600110380445,1.1685000572470017e-05,0.0
0.03331842300030985,0.03310060900003009,0.00031648000003769994,1.0629999451339245e-05,0.0
0.03348849599933601,0.03268390700031887,0.0003416280014789663,1.1629999789875e-05,0.0
0.03309890600030485,0.033000295001329505,0.0003722199999174336,1.3926000974606723e-05,0.0
0.03344860700053687,0.033061239000744536,0.000323702000969206,1.2018001143587753e-05,0.0
0.03345001499837963,0.0327986480006075,0.0003276650004409021,1.1111000276287086e-05,0.0
0.0331922380009928,0.032857813999726204,0.00037590499960060697,1.1980999261140823e-05,0.0
0.033310830000118585,0.033023646001311135,0.0003236089996789815,1.1111000276287086e-05,0.0
0.033412793000024976,0.03279512999870349,0.0003236279990233015,1.3871000192011707e-05,0.0
0.03319153499978711,0.033475754999017227,0.0003015360016433988,1.0981000741594471e-05,0.0
0.03384175300016068,0.032565519999479875,0.0003148689993395237,1.1185000403202139e-05,0.0
0.032945740000286605,0.03387825400022848,0.0003036460002476815,1.1981999705312774e-05,0.0
0.03424569599883398,0.03211831800035725,0.0003182759992341744,1.1481000910862349e-05,0.0
0.0325027790004242,0.0328608699983306,0.0003235910007788334,1.1389000064809807e-05,0.0
0.03324949700072466,0.03284973999870999,0.0003355349999765167,1.146300019172486e-05,0.0
0.0332502379988,0.032877554000151576,0.00038783200034231413,1.1870000889757648e-05,0.0
0.033329423000395764,0.033366645000569406,0.0002956099997390993,1.0685000233934261e-05,0.0
0.03372408699942753,0.03301209100027336,0.00029796099988743663,1.1426000128267333e-05,0.0
0.033375071001501055,0.03260687100009818,0.00036327599991636816,1.1665999409160577e-05,0.0
0.033034738999049296,0.0328095740005665,0.00033534999965922907,1.1870999514940195e-05,0.0
0.03321525700084749,0.03280733300016436,0.0003224059983040206,1.1296000593574718e-05,0.0
0.0331936639995547,0.03274248100024124,0.0003429240005061729,1.3056000170763582e-05,0.0
0.03316157200060843,0.04675746499924571,0.00029994299984537065,1.2239999705343507e-05,0.0
0.047124722999797086,0.025956813000448165,0.0003167390004819026,1.2241000149515457e-05,0.0
0.026339533000282245,0.027847339999425458,0.0003065349992539268,1.135200000135228e-05,0.0
0.028224633999343496,0.0317534860005253,0.0003027019993169233,1.1370999345672317e-05,0.0
0.03212157699999807,0.0325747599999886,0.0003227580000384478,1.1722000635927543e-05,0.0
0.03296184999999241,0.03267453799890063,0.0003396280008018948,1.1723001080099493e-05,0.0
0.03308660999937274,0.03308048000144481,0.00031651700010115746,1.1796000762842596e-05,0.0
0.03346918100032781,0.032917202999669826,0.00031431400020665023,1.2610998965101317e-05,0.0
0.03330123799969442,0.032932332000200404,0.0003290170006948756,1.2167000022600405e-05,0.0
0.03332477399999334,0.032797148000099696,0.00033321999944746494,1.2128999514970928e-05,0.0
0.033200961001057294,0.03497545099889976,0.0003201279996574158,1.1943999197683297e-05,0.0
0.035363263999897754,0.032417372000054456,0.00030603599952883087,1.1611000445554964e-05,0.0
0.03293042499899457,0.03179704200010747,0.0003071470000577392,1.0666999514796771e-05,0.0
0.032166263001272455,0.03271950099951937,0.00032240500149782747,1.2091999451513402e-05,0.0
0.0331079609986773,0.03276020399971458,0.0003212949995941017,1.1129999620607123e-05,0.0
0.033144775001346716,0.033120034999228665,0.00032103500052471645,1.1019001249223948e-05,0.0
0.0335126259997196,0.032819758998812176,0.00031958999898051843,1.231500027643051e-05,0.0
0.03320588699898508,0.03294264699979976,0.0003196279994881479,1.1426000128267333e-05,0.0
0.033326089000183856,0.03294923999965249,0.0003243510000174865,1.203700048790779e-05,0.0
0.03334149700094713,0.0329790169998887,0.0003235539988963865,1.1333000657032244e-05,0.0
0.033366034000209766,0.03282960999968054,0.00031784999919182155,1.3148001016816124e-05,0.0
0.03321821999998065,0.03309709099994507,0.0003220349990442628,1.2685000911005773e-05,0.0
0.033484551999208634,0.03299694300039846,0.00030379499912669417,1.1537000318639912e-05,0.0
0.03336486700027308,0.032808350999403046,0.0003176100017299177,1.166600122814998e-05,0.0
0.03319908999947074,0.03296329499971762,0.00031436899917025585,1.0574000043561682e-05,0.0
0.0333417929996358,0.03291162900131894,0.00032086899955174886,1.1128999176435173e-05,0.0
0.033303812000667676,0.03290309200019692,0.00031690600008005276,1.2537000657175668e-05,0.0
0.0332855529995868,0.03301586899942777,0.00031618399953003973,1.1240999810979702e-05,0.0
0.0333972749995155,0.032796092998978565,0.0003208309990441194,1.1370999345672317e-05,0.0
0.03318210900033591,0.03296814699933748,0.0003139240016025724,1.1537000318639912e-05,0.0
0.033347145001243916,0.03497276599955512,0.0003149799995298963,1.1665999409160577e-05,0.0
0.03535533799913537,0.031250952000846155,0.00030009100009920076,1.1258998711127788e-05,0.0
0.03162021000025561,0.032606647999273264,0.0003198319991497556,1.1833999451482669e-05,0.0
0.032991258000038215,0.03308881299926725,0.00031075800143298693,1.1092999557149597e-05,0.0
0.033463292000305955,0.03283057299995562,0.00032166500022867694,1.135200000135228e-05,0.0
0.03322201599985419,0.03301942399957625,0.0003136279992759228,1.1500000255182385e-05,0.0
0.033404738000172074,0.03281344400056696,0.00032175799969991203,1.137000072048977e-05,0.0
0.03320631200040225,0.032946072999038734,0.00032168300094781443,1.1092999557149597e-05,0.0
0.03333277499950782,0.033855382998808636,0.00031120200037548784,1.1777001418522559e-05,0.0
0.03423291800027073,0.03224205800142954,0.0003035540012206184,1.1222000466659665e-05,0.0
0.032616481999866664,0.032766481999715324,0.0003264240003773011,1.1574000382097438e-05,0.0
0.0331557019999309,0.032894609999857494,0.00031427600151801016,1.0592999387881719e-05,0.0
0.0332737199987605,0.03274422200047411,0.00032581300001766067,1.4203000318957493e-05,0.0
0.03314303500155802,0.032942757999990135,0.00035070199919573497,1.137000072048977e-05,0.0
0.033364940998581005,0.033112997998614446,0.00032964599995466415,1.0462999853189103e-05,0.0
0.03350675600086106,0.032862961999853724,0.00032401700082118623,1.1850999726448208e-05,0.0
0.03325844199935091,0.03295285100102774,0.00029040600020380225,1.0833000487764366e-05,0.0
0.033306311999695026,0.03452915799971379,0.00031057199885253794,1.105599949369207e-05,0.0
0.034911748000013176,0.03189865199965425,0.00030116500056465156,1.1055000868509524e-05,0.0
0.03226316900145321,0.03234574300040549,0.00033277599868597463,1.1185999028384686e-05,0.0
0.032749166999565205,0.03283714799908921,0.0003501470000628615,1.2054999388055876e-05,0.0
0.03325323900025978,0.03300251700056833,0.00033651699959591497,1.0888999895541929e-05,0.0
0.03340368099998159,0.032956036000541644,0.00031333199876826257,1.1815000107162632e-05,0.0
0.03333468299933884,0.032662316001733416,0.0003633309988799738,1.2685000911005773e-05,0.0
0.03309718300079112,0.03307851699901221,0.0003387199994904222,1.1832999007310718e-05,0.0
0.03348784799891291,0.03287896200163232,0.000337239000145928,1.1666999853332527e-05,0.0
0.03328259000045364,0.033096813000156544,0.00032640599965816364,1.133399928221479e-05,0.0
0.03349401500054228,0.03306912799962447,0.0003031470005225856,1.1408001228119247e-05,0.0
0.033436200999858556,0.033802253999965615,0.0003102949995081872,1.1850999726448208e-05,0.0
0.03418469600001117,0.03182972700051323,0.00031872099862084724,1.1611000445554964e-05,0.0
0.032213335998676484,0.035508560000380385,0.0003192019994457951,1.2092999895685352e-05,0.0
0.0358957440002996,0.03047197399973811,0.00031703499917057343,1.1185000403202139e-05,0.0
0.03085271300005843,0.03313499899923045,0.0003032389995496487,1.1685000572470017e-05,0.0
0.03350305200001458,0.03265866699985054,0.0003211839994037291,1.1148000339744613e-05,0.0
0.03304303500044625,0.03298947999974189,0.000324257998727262,1.109200093196705e-05,0.0
0.03338355300002149,0.03288270299890428,0.00032059099976322614,1.1314999937894754e-05,0.0
0.033266905000346014,0.03287566600010905,0.0003310730007797247,1.1666999853332527e-05,0.0
0.03327145999901404,0.03298338700005843,0.00035770200156548526,1.1444000847404823e-05,0.0
0.03340538600059517,0.032860165998499724,0.0003251830003137002,1.1000000085914508e-05,0.0
0.03324968299966713,0.032945573000688455,0.00032414699853688944,1.1611999070737511e-05,0.0
0.033339830000841175,0.03280274099961389,0.000352072000168846,1.2369999240036123e-05,0.0
0.033220719999008,0.03305136999915703,0.00032220200046140235,1.174099998024758e-05,0.0
0.03343773800042982,0.0327790190003725,0.0004019980005978141,1.3277998732519336e-05,0.0
0.033255181999265915,0.03315411000039603,0.00029662800079677254,1.1000000085914508e-05,0.0
0.03351312600170786,0.0334753120005189,0.0003033499997400213,1.1536998499650508e-05,0.0
0.033847957998659695,0.03212848499970278,0.0003934979995392496,1.4833000022917986e-05,0.0
0.03259922300094331,0.033049091000066255,0.000299090999760665,1.1537000318639912e-05,0.0
0.033413903998734895,0.032740741000452545,0.00035388700052862987,1.1685000572470017e-05,0.0
0.0331593500013696,0.03292025900009321,0.00039283099977183156,1.2019001587759703e-05,0.0
0.03338505299871031,0.03311859099994763,0.0003168319999531377,1.1018999430234544e-05,0.0
0.0334987740006909,0.03284846200040192,0.0003154799996991642,1.174099998024758e-05,0.0
0.033228979000341496,0.03291603599973314,0.0003729979998752242,1.1980999261140823e-05,0.0
0.03336679399944842,0.03288833300030092,0.00031427599969902076,1.1000000085914508e-05,0.0
0.03326760799973272,0.03386528999908478,0.00030151700048008934,1.105599949369207e-05,0.0
0.03423762300008093,0.033038035999197746,0.00030773999969824217,1.2443999366951175e-05,0.0
0.03341007100061688,0.031977652999557904,0.0003204610002285335,1.1629999789875e-05,0.0
0.0323655760003021,0.03283996199934336,0.0002933509986178251,1.1148000339744613e-05,0.0
0.03319599799942807,0.03434484399986104,0.0003091280013904907,1.107400021282956e-05,0.0
0.03472428600070998,0.03173656099897926,0.0003054250009881798,1.0814999768626876e-05,0.0
0.03210976299851609,0.03264279699942563,0.00034405400037940126,1.1277001249254681e-05,0.0
0.03305272100078582,0.05543881100129511,0.00035672100057126954,1.4055000065127388e-05,0.0
0.05587404899961257,0.031124434999583173,0.00035164600012649316,1.3480999768944457e-05,0.0
0.03155391400105145,0.03121576700141304,0.0003520160007610684,1.3499999113264494e-05,0.0
0.03164541299884149,0.02709806600068987,0.00029786800041620154,1.1222000466659665e-05,0.0
0.027467953001178103,0.025928443001248525,0.00031966499955160543,1.1295998774585314e-05,0.0
0.026314402999560116,0.028540651999719557,0.00031746099921292625,1.231500027643051e-05,0.0
0.028925798000273062,0.032574724000369315,0.0003064800002903212,1.1480999091872945e-05,0.0
0.032944479999059695,0.032839092000358505,0.00030420199982472695,1.1832999007310718e-05,0.0
0.03321610900093219,0.031719950000479,0.0003214799999113893,1.190699913422577e-05,0.0
0.03210598499936168,0.03475763800088316,0.0003118879994872259,1.1834001270472072e-05,0.0
0.035136118000082206,0.031135323999478715,0.0003362019997439347,1.1407000783947296e-05,0.0
0.03153591400041478,0.03265440799987118,0.0003407200001674937,1.1407999409129843e-05,0.0
0.0330603139991581,0.03386580999904254,0.00030268400041677523,1.14820013550343e-05,0.0
0.03437182500056224,0.03205831800005399,0.0003242570001020795,1.1017998986062594e-05,0.0
0.032446094999613706,0.03291885100043146,0.0003139060008834349,1.0981000741594471e-05,0.0
0.03329503399982059,0.03284138900016842,0.000328887001160183,1.1389000064809807e-05,0.0
0.03323347900004592,0.0341540299996268,0.0003104980005446123,1.2000000424450263e-05,0.0
0.03453004699986195,0.03192943099929835,0.0003144059992337134,1.1630001608864404e-05,0.0
0.032307983999999124,0.03280479699969874,0.00031825699988985434,1.1445001291576773e-05,0.0
0.03319481300059124,0.032968424999126,0.0003244990002713166,1.0907000614679419e-05,0.0
0.033355775000018184,0.032917202999669826,0.00032775800173112657,1.0870000551221892e-05,0.0
0.03330779399948369,0.03292236900051648,0.0003225170003133826,1.0980998922605067e-05,0.0
0.033314756999970996,0.032964944000923424,0.000308738999592606,1.146300019172486e-05,0.0
0.03333742300128506,0.032924703000389854,0.00031744299849378876,1.1518000974319875e-05,0.0
0.033312108998870826,0.032909610999922734,0.00032857199948921334,1.174099998024758e-05,0.0
0.03330325600109063,0.03305122100027802,0.0003194429991708603,1.0629000826156698e-05,0.0
0.03343494199907582,0.033989326999289915,0.00030683199838676956,1.1629001164692454e-05,0.0
0.034361455000180285,0.03191948600033356,0.00030142399918986484,1.1407000783947296e-05,0.0
0.03228420599953097,0.03283085099974414,0.0003136649993393803,1.105599949369207e-05,0.0
0.03321212800074136,0.03298560999974143,0.0003115359995717881,1.1128999176435173e-05,0.0
0.03336825599944859,0.03576742999939597,0.0003184060005878564,1.2147998859290965e-05,0.0
0.036152149999907124,0.03054719700048736,0.0003029990002687555,1.1000000085914508e-05,0.0
0.030914843000573455,0.03243694699995103,0.0003270350007369416,1.1926000297535211e-05,0.0
0.03283346299940604,0.033986993999860715,0.000300997999147512,1.1907999578397721e-05,0.0
0.034359122000751086,0.03199824399962381,0.00031118400147533976,1.0777001079986803e-05,0.0
0.03237213200009137,0.03286175900029775,0.0003064799984713318,1.1277999874437228e-05,0.0
0.03323236799951701,0.03272411100078898,0.0003435910002735909,1.2517999493866228e-05,0.0
0.03313231299944164,0.03309394299867563,0.00032122099946718663,1.1296000593574718e-05,0.0
0.03347886700066738,0.03311673899952439,0.0003013320001628017,1.1444000847404823e-05,0.0
0.033482218999779434,0.03276027799984149,0.00032866499896044843,1.2074000551365316e-05,0.0
0.033159145999889006,0.033098517000325955,0.0003039430011995137,1.0943998859147541e-05,0.0
0.03346684899952379,0.0328907960010838,0.0003032019994861912,1.1426000128267333e-05,0.0
0.03325810900059878,0.0327054829995177,0.00029523999910452403,1.0945001122308895e-05,0.0
0.033063295000829385,0.033947715999602224,0.00030470199999399483,1.1295998774585314e-05,0.0
0.03431617800015374,0.0321422260003601,0.0003138130014121998,1.1462998372735456e-05,0.0
0.03251944600015122,0.03283916600048542,0.0003247940003348049,1.164800050901249e-05,0.0
0.03323520199955965,0.03491065699927276,0.0003149979984300444,1.2184998922748491e-05,0.0
0.035293431999889435,0.031243934001395246,0.00030049800079723354,1.14820013550343e-05,0.0
0.031608097999196616,0.03263109399995301,0.0003287389990873635,1.2073998732375912e-05,0.0
0.033025259001078666,0.03320288800023263,0.0002986839990626322,1.175900069938507e-05,0.0
0.03356631099995866,0.03296651799973915,0.0002989980002894299,1.1277999874437228e-05,0.0
0.033327997000014875,0.03275077799844439,0.00035353599923837464,1.146300019172486e-05,0.0
0.033170257998790476,0.03376494000076491,0.00030738699933863245,1.1500000255182385e-05,0.0
0.034143214999858174,0.032225965998804895,0.00029903599897807,1.0517998816794716e-05,0.0
0.032590150000032736,0.03259318699929281,0.00034214700099255424,1.2148999303462915e-05,0.0
0.03300051800033543,0.033182220000526286,0.00031457200020668097,1.166600122814998e-05,0.0
0.033568717999514774,0.0331016100008128,0.0003008500007126713,1.14820013550343e-05,0.0
0.0334665340014908,0.032616816000881954,0.00032825800008140504,1.1573998563108034e-05,0.0
0.03300803599995561,0.0332725530006428,0.0002960719994007377,1.0944000678136945e-05,0.0
0.03363745899878268,0.03276231500058202,0.0003147389998048311,1.1813999662990682e-05,0.0
0.033140924000690575,0.03548904200033576,0.0003183130011166213,1.1574000382097438e-05,0.0
0.035874188999514445,0.030528289998983382,0.0003067580000788439,1.105599949369207e-05,0.0
0.030905010000424227,0.03357316300025559,0.0003054250009881798,1.1185000403202139e-05,0.0
0.033942882999326685,0.032360355000491836,0.0003024059988092631,1.1555001037777402e-05,0.0
0.032726852001360385,0.03273568599979626,0.0003491650004434632,1.2092999895685352e-05,0.0
0.033148590999189764,0.032953259000350954,0.00031514699912804645,1.1295998774585314e-05,0.0
0.03333336800096731,0.032790314999147085,0.00032431299950985704,1.1833000826300122e-05,0.0
0.03317848000006052,0.03304064800067863,0.00032220200046140235,1.162899934570305e-05,0.0
0.033426514999518986,0.032949795999229536,0.00030444300136878155,1.1481000910862349e-05,0.0
0.033317276000161655,0.032793610998851364,0.00032414700035587884,1.1907000953215174e-05,0.0
0.03318155399938405,0.03324121999867202,0.00029505400016205385,1.1889000234077685e-05,0.0
0.03360118099953979,0.03279629700045916,0.0003099059995292919,1.1665999409160577e-05,0.0
0.03317112800141331,0.03287022199947387,0.00031131399919104297,1.14820013550343e-05,0.0
0.033245090999116655,0.03288657399934891,0.00037516500015044585,1.1869999070768245e-05,0.0
0.03332570100064913,0.03301222200025222,0.000310109000565717,1.1815000107162632e-05,0.0
0.033386311999493046,0.03251381699919875,0.0003435159997025039,1.1518999599502422e-05,0.0
0.03292381500068586,0.03336708999995608,0.00032336900039808825,1.133299883804284e-05,0.0
0.03375416199924075,0.03301709199877223,0.0002980170011142036,1.175900069938507e-05,0.0
0.033379922999301925,0.032653592999849934,0.00033873900065373164,1.231500027643051e-05,0.0
0.03305749900027877,0.03302562800126907,0.0003644419994088821,1.1592999726417474e-05,0.0
0.033454331000029924,0.03297964800003683,0.0003153870002279291,1.077799970516935e-05,0.0
0.03336549699997704,0.033337220000248635,0.0003025349997187732,1.1980999261140823e-05,0.0
0.03371257000071637,0.03276424199975736,0.00030057299954933114,1.1000000085914508e-05,0.0
0.03312672100037162,0.03269809400080703,0.0003147939987684367,1.0554998880252242e-05,0.0
0.03308257299977413,0.03291322200129798,0.00032390599881182425,1.0907999239861965e-05,0.0
0.033306608000202687,0.032861870000488125,0.0003708869990077801,1.1926000297535211e-05,0.0
0.033303590998912114,0.034944730999995954,0.00031592500090482645,1.2369999240036123e-05,0.0
0.03532693200031645,0.031187952999971458,0.0002995909999299329,1.1240999810979702e-05,0.0
0.031551377000141656,0.03272994500002824,0.00035701699925994035,1.1517999155330472e-05,0.0
0.03315157199904206,0.03289003700047033,0.0003239430006942712,1.2165999578428455e-05,0.0
0.03328309100106708,0.035661522999362205,0.00031679400126449764,1.1130001439596526e-05,0.0
0.03604257599909033,0.03158156199970108,0.0003066829995077569,1.1407000783947296e-05,0.0
0.03195370899993577,0.03218555899911735,0.00030605400024796836,1.0832998668774962e-05,0.0
0.03256233400134079,0.03225770700009889,0.0003224240008421475,1.1869999070768245e-05,0.0
0.03264648299955297,0.032926276999205584,0.00037086799966346007,1.3684999430552125e-05,0.0
0.03337123799974506,0.03485806400021829,0.00031277600101020653,1.135200000135228e-05,0.0
0.03524513599950296,0.03125211899896385,0.0003012019988091197,1.1370999345672317e-05,0.0
0.031616414000382065,0.03266381600042223,0.0003738129998964723,1.173999953607563e-05,0.0
0.03310462800072855,0.03289840700017521,0.0003179060004185885,1.1017998986062594e-05,0.0
0.03328012800011493,0.032863426000403706,0.0003205350003554486,1.1665999409160577e-05,0.0
0.03325016499911726,0.03292496299945924,0.00034371999936411157,1.1591999282245524e-05,0.0
0.03337910800109967,0.0330873499988229,0.0003044059994863346,1.1777001418522559e-05,0.0
0.0334557379992475,0.03381701299986162,0.00030311000045912806,1.144499947258737e-05,0.0
0.03418491900083609,0.031974355999409454,0.0003032019994861912,1.2073998732375912e-05,0.0
0.03252385399900959,0.03250061299877416,0.0003573869998945156,1.32589993881993e-05,0.0
0.03293336999922758,0.03294725900013873,0.00033860999974422157,1.2463000530260615e-05,0.0
0.03336720200059062,0.032937480998953106,0.00033325699951092247,1.1815000107162632e-05,0.0
0.03333494199978304,0.03288707399951818,0.0003484430017124396,1.146300019172486e-05,0.0
0.03329920100077288,0.03292153700022027,0.00033292400075879414,1.1387999620637856e-05,0.0
0.0333189239991043,0.03289003700047033,0.0003303319990664022,1.2036998668918386e-05,0.0
0.03329992399994808,0.032901333999689086,0.0003427579995332053,1.174099998024758e-05,0.0
0.03330907200142974,0.03292348100148956,0.00034883099942817353,1.2074000551365316e-05,0.0
0.033344867999403505,0.03299946300103329,0.00032353499955206644,1.2000000424450263e-05,0.0
0.033387904999472084,0.03286412899979041,0.000348220999512705,1.2221998986206017e-05,0.0
0.033277997999903164,0.03284903700114228,0.0003503319985611597,1.203700048790779e-05,0.0
0.03326522000133991,0.0328602410008898,0.0003594980007619597,1.1889000234077685e-05,0.0
0.03328457199859258,0.032892444000026444,0.00035425699934421573,1.1907000953215174e-05,0.0
0.033315886999844224,0.03426864199900592,0.00031081299857760314,1.0907999239861965e-05,0.0
0.03464888000053179,0.032107523000377114,0.0003522950009937631,1.2239999705343507e-05,0.0
0.03252474200053257,0.03254724299949885,0.0003166839996993076,1.1129999620607123e-05,0.0
0.03292666699962865,0.035148007000316284,0.0003182760010531638,1.203700048790779e-05,0.0
0.035534320000806474,0.030764714001634275,0.00032857200130820274,1.1944999641855247e-05,0.0
0.03116376799880527,0.0329391109989956,0.0003198869999323506,1.0740999641711824e-05,0.0
0.03332134900119854,0.0329660919996968,0.0003201279996574158,1.1555999662959948e-05,0.0
0.03335179399982735,0.03284842599896365,0.00032083199948829133,1.1166999684064649e-05,0.0
0.033234164999157656,0.03285209200112149,0.00032272099997499026,1.2925998817081563e-05,0.0
0.03324203500051226,0.033004388998961076,0.00032270200063067023,1.146300019172486e-05,0.0
0.03339205299926107,0.032755260001067654,0.0003499609993014019,1.2537000657175668e-05,0.0
0.03317625800082169,0.03293664800003171,0.0003470900010142941,1.2871001672465354e-05,0.0
0.033356571999320295,0.03304994300015096,0.00032220200046140235,1.1037000149372034e-05,0.0
0.03343560800021805,0.03273674199954257,0.00035364599898457527,1.2795999282388948e-05,0.0
0.033163406000312534,0.032810463999339845,0.0003576100007194327,1.0685000233934261e-05,0.0
0.03323144299974956,0.03515722900010587,0.0003829789984592935,1.1778000043705106e-05,0.0
0.03561530099977972,0.030739808000362245,0.00035107199983031023,1.1110998457297683e-05,0.0
0.031161508999502985,0.03285731500000111,0.00035559099887905177,1.2797001545550302e-05,0.0
0.033283128001130535,0.03292031499950099,0.00035118400046485476,1.2185000741737895e-05,0.0
0.03333577499870444,0.03284046400040097,0.00036429499959922396,1.1832999007310718e-05,0.0
0.03327686900047411,0.03291883299971232,0.000353998999344185,1.3777998901787214e-05,0.0
0.033343776000037906,0.03296381500149437,0.00033144299959531054,1.075899854185991e-05,0.0
0.03335953399982827,0.033870069000840886,0.0003571639990695985,1.1407999409129843e-05,0.0
0.0342953449999186,0.03191937500014319,0.00034812800004146993,1.1296000593574718e-05,0.0
0.032332781000150135,0.034830749998945976,0.0003179619998263661,1.1387999620637856e-05,0.0
0.035215339999922435,0.03128332300002512,0.0003034799992747139,1.175900069938507e-05,0.0
0.03164956200089364,0.03270861199962383,0.0003384430001460714,1.1795998943853192e-05,0.0
0.0331135729993548,0.032936722000158625,0.00032894300056796055,1.1537000318639912e-05,0.0
0.03332949800096685,0.03280511199955072,0.00034886799949163105,1.164800050901249e-05,0.0
0.033226090999960434,0.03300912899976538,0.0003369429996382678,1.1314999937894754e-05,0.0
0.03341197899862891,0.033982939001361956,0.0003008130006492138,1.2333000995568e-05,0.0
0.034355992000200786,0.03198809700006677,0.0003227760007575853,1.1574000382097438e-05,0.0
0.032375040000260924,0.0327970929993171,0.0003479610004433198,1.0907000614679419e-05,0.0
0.03320983199955663,0.03498660100012785,0.00031488800050283317,1.1407000783947296e-05,0.0
0.035367025000596186,0.03112200899886375,0.0003118499989795964,1.1592001101234928e-05,0.0
0.03149819200007187,0.032845055999132455,0.00031796099938219413,1.1091999112977646e-05,0.0
0.033227017000172054,0.03286961099911423,0.0003218500005459646,1.1203999747522175e-05,0.0
0.03326281299996481,0.03296451799906208,0.0003168499988532858,1.1296000593574718e-05,0.0
0.0333458499990229,0.03269035300036194,0.00038738700095564127,1.355600034003146e-05,0.0
0.0331466650004586,0.033013295998898684,0.00032318299963662867,1.1629001164692454e-05,0.0
0.033402572000341024,0.0327621669985092,0.0003612949985836167,1.3573999240179546e-05,0.0
0.033193609000591096,0.033164608999868506,0.0003172030010318849,1.0666999514796771e-05,0.0
0.03354516400031571,0.03277261099901807,0.00033344299845339265,1.1833000826300122e-05,0.0
0.03317112799959432,0.032820407999679446,0.0003519060010148678,1.2074000551365316e-05,0.0
0.03324731300017447,0.033101814000474405,0.0003328319999127416,1.1555001037777402e-05,0.0
0.03350044199942204,0.03284283399989363,0.00033477599936304614,1.1926000297535211e-05,0.0
0.03324796100059757,0.03278396299901942,0.0003513869996822905,1.1703999916790053e-05,0.0
0.033205850999365794,0.03289379700072459,0.00040362800064031035,1.2630000128410757e-05,0.0
0.03337420100069721,0.033089202999690315,0.00031953599864209536,1.2129999959142879e-05,0.0
0.03347279399895342,0.03274516800047422,0.00034999800118384883,1.1796000762842596e-05,0.0
0.033166350000101374,0.0339431060001516,0.0003009430001839064,1.0536999980104156e-05,0.0
0.034307085999898845,0.0321072999995522,0.00031835000118007883,1.1889000234077685e-05,0.0
0.032491928001036285,0.03270964900002582,0.0003485910001472803,1.1889000234077685e-05,0.0
0.03312264699889056,0.03282748200035712,0.0004032950000691926,1.2666001566685736e-05,0.0
0.033309776001260616,0.03297396299967659,0.00033388699921488296,1.1407000783947296e-05,0.0
0.033372312998835696,0.03298009200079832,0.0003406649993848987,1.1277999874437228e-05,0.0
0.03338562700082548,0.03300348099946859,0.0003707020005094819,1.1369998901500367e-05,0.0
0.03343892399971082,0.03279342700079724,0.00029294300111359917,1.1222000466659665e-05,0.0
0.03315592400031164,0.034223087001009844,0.00036068400004296564,1.2406999303493649e-05,0.0
0.03465637999943283,0.03209396700003708,0.00030377599978237413,1.1111000276287086e-05,0.0
0.0324621700001444,0.03250776200002292,0.00031809100073587615,1.1186000847374089e-05,0.0
0.032889796000745264,0.03447178799979156,0.0003603869990911335,1.1815000107162632e-05,0.0
0.03489860099944053,0.031727728999612737,0.00030125800003588665,1.1092999557149597e-05,0.0
0.032092207999085076,0.0347210649997578,0.0003209240003343439,1.1815000107162632e-05,0.0
0.03511391500069294,0.03070841899898369,0.00033110900039901026,1.1685000572470017e-05,0.0
0.0311062500004482,0.032962295999823255,0.0003790720002143644,1.227799839398358e-05,0.0
0.033404960999178,0.032837889999427716,0.00032294199991156347,1.137000072048977e-05,0.0
0.03323127600015141,0.03284325999993598,0.0003486090008664178,1.1926000297535211e-05,0.0
0.03326262799964752,0.0328891660010413,0.00036299800012784544,1.2574000720633194e-05,0.0
0.03331855299984454,0.032931277999523445,0.00033718300073815044,1.1574000382097438e-05,0.0
0.03333188699980383,0.032855203999133664,0.0003578319992811885,1.4184999599820003e-05,0.0
0.03328085000066494,0.032872462999876007,0.0003587579994928092,1.2092001270502806e-05,0.0
0.03330822099997022,0.03381593999984034,0.00030683200020575896,1.0445000953041017e-05,0.0
0.03419391900024493,0.03223318900018057,0.0003200170012860326,1.1426000128267333e-05,0.0
0.032614984000247205,0.03271731599852501,0.0003562199999578297,1.4926001313142478e-05,0.0
0.03314886899897829,0.0329361849999259,0.0003530350004439242,1.144399902841542e-05,0.0
0.03335285000139265,0.0328393710005912,0.000345571999787353,1.3093000234221108e-05,0.0
0.03325455399863131,0.032889981999687734,0.0003356280012667412,1.2721999155473895e-05,0.0
0.033419664001485216,0.03287848200125154,0.00032592400020803325,1.1795998943853192e-05,0.0
0.033268776000113576,0.032926943998973,0.00034831300035875756,1.2741000318783335e-05,0.0
0.033341942998958984,0.03287461200125108,0.00035077599932265,1.1314999937894754e-05,0.0
0.033289369001067826,0.03292840799986152,0.0003591090007830644,1.231500027643051e-05,0.0
0.0333527939983469,0.03285109399985231,0.00035448000016913284,1.1239999366807751e-05,0.0
0.03327057200112904,0.0328041859993391,0.00036512800033960957,1.19440010166727e-05,0.0
0.033247313998799655,0.03342679399975168,0.00030049800079723354,1.1018999430234544e-05,0.0
0.03379045800102176,0.03265635299976566,0.00032286900022882037,1.0888999895541929e-05,0.0
0.03304294400004437,0.03275140900041151,0.00035405299968260806,1.412900019204244e-05,0.0
0.0331815360004839,0.033020296001268434,0.0003388130007806467,1.1334001101204194e-05,0.0
0.0334232389996032,0.032874703998459154,0.0003445530001044972,1.0870000551221892e-05,0.0
0.033283923999988474,0.03275685300104669,0.0003668690005724784,1.3184999261284247e-05,0.0
0.03319527699932223,0.03296207399944251,0.000355238998963614,1.2092999895685352e-05,0.0
0.033386811999662314,0.03321286900063569,0.0003050170016649645,1.1703999916790053e-05,0.0
0.03358129300067958,0.03279570400081866,0.00032788700082164723,1.1500000255182385e-05,0.0
0.03319424000073923,0.03484719399966707,0.00031742400096845813,1.2387999959173612e-05,0.0
0.035230932999184006,0.031318803999965894,0.0003027019993169233,1.0740999641711824e-05,0.0
0.031686247000834555,0.03262450200054445,0.000327535999531392,1.144399902841542e-05,0.0
0.03301490699959686,0.03288064800108259,0.0003409609998925589,1.1148000339744613e-05,0.0
0.033284405999438604,0.032906648999414756,0.0002956469998025568,1.0925999958999455e-05,0.0
0.03327010900102323,0.034124383000744274,0.0003079799989791354,1.0796999049489386e-05,0.0
0.03449684399856778,0.03193719100090675,0.00031120200037548784,1.1389000064809807e-05,0.0
0.03231198499997845,0.032852537000508164,0.0003239799989387393,1.1370999345672317e-05,0.0
0.03324068400070246,0.034813730999303516,0.00031310899976233486,1.1259000530117191e-05,0.0
0.03519185900040611,0.03143476699915482,0.0002987389998452272,1.081500158761628e-05,0.0
0.03179591299885942,0.03250040999955672,0.0003515169992169831,1.107400021282956e-05,0.0
0.03292166700157395,0.03291855600036797,0.0003529419991536997,1.1202999303350225e-05,0.0
0.03333562799889478,0.03300575899993419,0.00031622100141248666,1.135200000135228e-05,0.0
0.03339207200042438,0.03272929699960514,0.0003431650002312381,1.1852000170620158e-05,0.0
0.033136109999759356,0.033978920999288675,0.00037486899964278564,1.1963000360992737e-05,0.0
0.0344208639999124,0.03185611600019911,0.0003198140002496075,1.3350998415262438e-05,0.0
0.03224570699967444,0.03282592700088571,0.0003246830001444323,1.2795999282388948e-05,0.0
0.03322288799972739,0.03494634199887514,0.00031451699942408595,1.2074000551365316e-05,0.0
0.03533439500097302,0.031335933999798726,0.0002997759984282311,1.1000000085914508e-05,0.0
0.03169956199963053,0.03263907600012317,0.00033199800054717343,1.0833000487764366e-05,0.0
0.03303659199991671,0.03264481600126601,0.00035184999978810083,1.2630000128410757e-05,0.0
0.03307318500083056,0.03313118400001258,0.0003261279998696409,1.2259000868652947e-05,0.0
0.033525756998642464,0.03287300000010873,0.00035612799911177717,1.2815000445698388e-05,0.0
0.0333011090006039,0.03306524000072386,0.0003254059993196279,1.1426000128267333e-05,0.0
0.03345446099956462,0.03284175999942818,0.0003412019996176241,1.2480999430408701e-05,0.0
0.03325220199985779,0.033043666000594385,0.00033203500061063096,1.1148000339744613e-05,0.0
0.033439849999922444,0.032695075000447105,0.0003624239998316625,1.1870000889757648e-05,0.0
0.0331262030013022,0.03326625800036709,0.0003136649993393803,1.1296000593574718e-05,0.0
0.033645125999100856,0.03269044599983317,0.00032657200063113123,1.1537000318639912e-05,0.0
0.03307996200055641,0.032749019999755546,0.00035940599991590716,1.1666999853332527e-05,0.0
0.03317594399959489,0.03509304500039434,0.00031729500005894806,1.1629001164692454e-05,0.0
0.03547722800067277,0.031236804999934975,0.00030059100026846863,1.1315001756884158e-05,0.0
0.03160809899964079,0.033490849998997874,0.0003079800007981248,1.1258998711127788e-05,0.0
0.03387020000081975,0.03220342999884451,0.00031960900014382787,1.164800050901249e-05,0.0
0.03259355699992739,0.03271103900078742,0.00034318300095037557,1.3148001016816124e-05,0.0
0.033125035999546526,0.03303083300124854,0.0003291829998488538,1.1424999684095383e-05,0.0
0.03343035000034433,0.03278338999916741,0.0003989790002378868,1.1740001355065033e-05,0.0
0.03324742499899003,0.03292939000129991,0.00033122000058938283,1.146300019172486e-05,0.0
0.03332673899967631,0.03274894600144762,0.0003587020000850316,1.2518999938038178e-05,0.0
0.03318172100080119,0.033034165999197285,0.00038083199979155324,1.0592999387881719e-05,0.0
0.033479719999377267,0.032889500998862786,0.00034151699946960434,1.1685000572470017e-05,0.0
0.03329657200083602,0.03285625999887998,0.0003538129985827254,1.1722000635927543e-05,0.0
0.03327483199973358,0.032855981999091455,0.00040951600021799095,1.355600034003146e-05,0.0
0.03333479499997338,0.03291985299983935,0.00032249800096906256,1.201799932459835e-05,0.0
0.033308239000689355,0.03284816800078261,0.0003638319994934136,1.203700048790779e-05,0.0
0.03327701699890895,0.032941555999059347,0.00039633199958188925,1.2685000911005773e-05,0.0
0.03340368300086993,0.03299203700044018,0.0003184239994880045,1.1574000382097438e-05,0.0
0.03337447999911092,0.03290390800066234,0.0003231470000173431,1.1333000657032244e-05,0.0
0.03329009099979885,0.03278872299961222,0.00039507200017396826,1.2536000213003717e-05,0.0
0.03325485100140213,0.032988500001010834,0.00033066499963751994,1.1704001735779457e-05,0.0
0.033385237999027595,0.03279955600009998,0.000313275999360485,1.175900069938507e-05,0.0
0.03317583299940452,0.03353934900042077,0.00030194299870345276,1.1629999789875e-05,0.0
0.03391044000090915,0.03242685500117659,0.0003279789998487104,1.1259000530117191e-05,0.0
0.032820148999235244,0.03278570499969646,0.00039440500040655024,1.2833001164835878e-05,0.0
0.03324890600015351,0.034886694000306306,0.0003134240014333045,1.1185000403202139e-05,0.0
0.03526574799980153,0.03156422900065081,0.00030070300090301316,1.172199881693814e-05,0.0
0.03192878300069424,0.03234920700015209,0.0003486280002107378,1.1500000255182385e-05,0.0
0.032768982999186846,0.032915666999542736,0.0003597760005504824,1.1758998880395666e-05,0.0
0.03337968300002103,0.032946073999482905,0.0003678310004033847,1.1665999409160577e-05,0.0
0.03338333100145974,0.034154938999563456,0.0003055540000787005,1.1073998393840156e-05,0.0
0.034524584998507635,0.03388123600052495,0.0003196830002707429,1.14820013550343e-05,0.0
0.03426725300050748,0.030913307000446366,0.0003149429994664388,1.1166999684064649e-05,0.0
0.03129750900006911,0.03277481600161991,0.0003347950005263556,1.1537000318639912e-05,0.0
0.033173980000356096,0.03321844399943075,0.0003600170002755476,1.1647998690023087e-05,0.0
0.033644552999248845,0.032510983999600285,0.0003427760002523428,1.268599953618832e-05,0.0
0.032924556000580196,0.032913185999859706,0.0003502020008454565,1.2073998732375912e-05,0.0
0.033327867999105365,0.03273179700045148,0.00037516500015044585,1.7815000319387764e-05,0.0
0.033180759000970284,0.03316977699978452,0.0003162579996569548,1.0925999958999455e-05,0.0
0.03355694099991524,0.03282512999976461,0.0003480160012259148,1.1314999937894754e-05,0.0
0.03323692500089237,0.0328142790003767,0.0003602390006562928,1.2314998457441106e-05,0.0
0.03324314699966635,0.03301457399902574,0.00034533199868747033,1.1369998901500367e-05,0.0
0.03342459099985717,0.03293074100110971,0.0003302950008219341,1.135200000135228e-05,0.0
0.033338350000121864,0.03262022499984596,0.0003545720010151854,1.135200000135228e-05,0.0
0.03305177800029924,0.033303276999504305,0.0003194430009898497,1.1963000360992737e-05,0.0
0.03368790399872523,0.03274570499888796,0.00034575799872982316,1.287099985347595e-05,0.0
0.03315861000010045,0.03286494500025583,0.0003483499986032257,1.0888999895541929e-05,0.0
0.033410219999495894,0.032913834000282804,0.00032788699900265783,1.1240999810979702e-05,0.0
0.033306240000456455,0.032995370998833096,0.0003218689998902846,1.1166999684064649e-05,0.0
0.03338153500044427,0.03306531499947596,0.00030151700048008934,1.1184998584212735e-05,0.0
0.03348034999908123,0.03280824200010102,0.0003226650005672127,1.1148000339744613e-05,0.0
0.033195184001669986,0.03297675999965577,0.00031444199885299895,1.161099862656556e-05,0.0
0.0333555349989183,0.03278611300083867,0.0003216280001652194,1.1037000149372034e-05,0.0
0.033170906999657745,0.03301270399970235,0.00031714699980511796,1.070300095307175e-05,0.0
0.03339262800000142,0.03306918499947642,0.0003095540014328435,1.1406998964957893e-05,0.0
0.033448090000092634,0.032779909000964835,0.000354571999196196,1.1518000974319875e-05,0.0
0.03320624000116368,0.03303318500002206,0.0003003689998877235,1.0759000360849313e-05,0.0
0.03339638699981151,0.03300822300116124,0.00029877599990868475,1.1037000149372034e-05,0.0
0.03336929499891994,0.03260713199961174,0.0003450359999987995,1.1647998690023087e-05,0.0
0.03301681500124687,0.03309753699977591,0.0003115350009466056,1.0926001777988859e-05,0.0
0.03347173799920711,0.032953444999293424,0.0003247759996156674,1.1665999409160577e-05,0.0
0.033342386999720475,0.034820658000171534,0.00031310899976233486,1.2406999303493649e-05,0.0
0.03520750800089445,0.031617822000043816,0.0003384430001460714,1.1407000783947296e-05,0.0
0.03203226400000858,0.033001129999320256,0.0003078679983445909,1.133299883804284e-05,0.0
0.033373738999216584,0.032235651999144466,0.000321072000588174,1.1889000234077685e-05,0.0
0.03262126200024795,0.034842454000681755,0.00031849799961491954,1.1259000530117191e-05,0.0
0.03522583999983908,0.03136687900041579,0.0003028129995072959,1.1018000805051997e-05,0.0
0.031733359001009376,0.03267752000101609,0.00031649800075683743,1.1796000762842596e-05,0.0
0.03306570299901068,0.03297609200126317,0.00031685100111644715,1.1240999810979702e-05,0.0
0.03335679500014521,0.03302757399978873,0.00031718299942440353,1.2574000720633194e-05,0.0
0.033414257000913494,0.03337179499976628,0.0003595360012695892,1.1722000635927543e-05,0.0
0.03379744099947857,0.03269238999928348,0.00029896200067014433,1.0556001143413596e-05,0.0
0.033053832999939914,0.033712792999722296,0.0003020730000571348,1.1259000530117191e-05,0.0
