dt,dt_detection,dt_estimation,dt_control,dt_actuation,valid,x_mm,y_mm,vx,vy,roll,pitch
8.520000847056508e-07,0.7716615370009094,3.1129999115364626e-05,2.7445001251180656e-05,0.0,0,0.0,0.0,0.0,0.0,0.0,0.0
0.7718223150004633,0.026245316999848,2.2074000298744068e-05,1.8778000594465993e-05,0.0,0,0.0,0.0,0.0,0.0,0.0,0.0
0.02635989000009431,0.03566774699902453,2.3628999770153314e-05,1.801899998099543e-05,0.0,0,0.0,0.0,0.0,0.0,0.0,0.0
0.03578393200041319,0.031073134001417202,2.2665999495075084e-05,2.366599983361084e-05,0.0,0,0.0,0.0,0.0,0.0,0.0,0.0
0.031197465999866836,0.03210640799989051,2.4110999220283702e-05,1.8352000552113168e-05,0.0,0,0.0,0.0,0.0,0.0,0.0,0.0
0.032223832999079605,0.03267481299917563,2.3963000785443e-05,2.2778000129619613e-05,0.0,0,0.0,0.0,0.0,0.0,0.0,0.0
0.03279953500168631,0.033475180998721044,2.711100023589097e-05,1.81480008905055e-05,0.0,0,0.0,0.0,0.0,0.0,0.0,0.0
0.0336117729984835,0.033148348000395345,3.0666999009554274e-05,1.9555998733267188e-05,0.0,0,0.0,0.0,0.0,0.0,0.0,0.0
0.03329797700098425,0.032951107999906526,2.4704000679776073e-05,1.7869999282993376e-05,0.0,0,0.0,0.0,0.0,0.0,0.0,0.0
0.033080257000619895,0.03303214500010654,2.03139989025658e-05,1.479700040363241e-05,0.0,0,0.0,0.0,0.0,0.0,0.0,0.0
0.0331456439998874,0.047961926999050775,1.9981000150437467e-05,1.5351000911323354e-05,0.0,0,0.0,0.0,0.0,0.0,0.0,0.0
0.04807614899982582,0.02600039200115134,1.9241000700276345e-05,3.496200042718556e-05,0.0,0,0.0,0.0,0.0,0.0,0.0,0.0
0.026129058000151417,0.028117088000726653,1.8165999790653586e-05,1.4684999769087881e-05,0.0,0,0.0,0.0,0.0,0.0,0.0,0.0
0.028227662000062992,0.032376184999520774,1.7907001165440306e-05,1.5036999684525654e-05,0.0,0,0.0,0.0,0.0,0.0,0.0,0.0
0.03248259099927964,0.03187000099933357,1.9795999833149835e-05,1.7129001207649708e-05,0.0,0,0.0,0.0,0.0,0.0,0.0,0.0
0.03199413000038476,0.03293238600053883,1.842600067902822e-05,1.5333000192185864e-05,0.0,0,0.0,0.0,0.0,0.0,0.0,0.0
0.033049663999918266,0.033768569001040305,1.9036999219679274e-05,1.5203000657493249e-05,0.0,0,0.0,0.0,0.0,0.0,0.0,0.0
0.033892956998897716,0.03449125199949776,1.8277998606208712e-05,1.3315000614966266e-05,0.0,0,0.0,0.0,0.0,0.0,0.0,0.0
0.03459402800035605,0.034696491000431706,0.00026633199922798667,1.2148000678280368e-05,0.0,0,-34.440000000000005,-31.92,0.0,0.0,0.0,0.0
0.03503849099979561,0.03291255300064222,0.0006826640001236228,1.2241000149515457e-05,0.0,0,-33.480928251503684,-29.864846253222176,28.31561384889805,60.67631539049551,0.0,0.0
0.033673754000119516,0.030693134998728056,0.0005038500003138324,1.2000000424450263e-05,0.0,0,-32.84667055283646,-27.633392730040274,22.415275649056188,66.58365517004204,0.0,0.0
0.031274651000785525,0.03356832799909171,0.00046618299893452786,1.1684998753480613e-05,0.0,0,-32.50509006399188,-25.13416683499276,14.016372115218052,72.00459711948501,0.0,0.0
0.03411821500048973,0.031795685999895795,0.0004594060010276735,4.7203000576701015e-05,0.005212852000113344,1,-32.591855389810995,-22.698254965539643,2.5283747126802467,73.25181519247025,0.019291708304760243,0.08521679736854143
0.03759231499861926,0.029295731999809504,0.00047948000064934604,4.237000030116178e-05,0.005010446000596858,1,-33.13821248383167,-20.267923735362253,-10.721303949963131,70.91391978520501,0.023281917678247437,0.10126660805130497
0.03490423100083717,0.0269046849989536,0.0004725169983430533,4.190800063952338e-05,0.004809482999917236,1,-34.10745660157313,-17.823739104051306,-23.758151516421307,73.87543410804936,0.033138881937915775,0.11822409949231091
0.03230416599944874,0.028484419999585953,0.0005444979997264454,4.5000000682193786e-05,0.004892946000836673,1,-35.088426511631916,-14.94844516944206,-27.395416062071725,81.52362278870355,0.04931518311008034,0.12487370924968508
0.03404075300022669,0.02700242600076308,0.00046920199929445516,3.355499939061701e-05,0.004874686999755795,1,-35.873218170303176,-11.35394269150395,-25.159924662091267,101.305156598273,0.08078002699103964,0.12453360618811897
0.032465313999637146,0.027753644999393146,0.0004477200000110315,3.2889000067370944e-05,0.004876260998571524,1,-36.36564668571052,-7.443262488008858,-17.906234387647196,112.51474176875652,0.10366940722800827,0.11788410387783033
0.033185144000526634,0.027928256000450347,0.0004509250011324184,3.3370000892318785e-05,0.004890316999080824,1,-36.85309249625071,-4.082616004361118,-15.625821477037302,104.42577872632182,0.10384529338717899,0.11669175336461796
0.03337588499925914,0.028578901999935624,0.00044162800077174325,3.342600030009635e-05,0.0049094830010290025,1,-37.48980486820326,-1.849158394759428,-17.77920791864939,76.55264277817011,0.07921517939013667,0.12077960185466313
0.03403523400083941,0.02713366500029224,0.0004541100006463239,3.187000038451515e-05,0.004736040000352659,1,-38.18324041702563,-0.27619296201028287,-20.24614814315685,57.50631685811763,0.06251122754650162,0.12536551208344174
0.03242349999891303,0.028795844998967368,0.0004445909999049036,9.409199992660433e-05,0.004785539000295103,1,-38.801425325981604,1.032914804594265,-18.729832420502067,43.85332732646224,0.05102753003151299,0.1253666640427026
0.03419019600005413,0.02762788600011845,0.0004383689993119333,3.229599860787857e-05,0.005006223000236787,1,-39.2502021208311,2.0789942518458435,-15.342842915726331,35.82513498202853,0.045020932960215164,0.12285267293354293
0.03319286700025259,0.027647959999740124,0.00044092499956605025,3.355599983478896e-05,0.004798632000529324,1,-39.4385441990721,3.0178468810481935,-8.571508562201341,30.475989472501677,0.04167177499858197,0.11591272875591614
0.033014108001225395,0.0293617510014883,0.000448294998932397,3.4130000130971894e-05,0.004865668001002632,1,-39.53703027041013,3.8448195981703757,-4.454170275356256,25.79629548954221,0.03875693795355645,0.11164956903299925
0.034780287998728454,0.028098717999455403,0.0004504059997998411,3.425899922149256e-05,0.004834187000597012,1,-39.63525029967303,4.209041593848952,-3.3788806266679345,15.287460481318433,0.028180618832842452,0.11073194449845192
0.03349293900100747,0.02825684699928388,0.0005147020001459168,3.3629999961704016e-05,0.005487778000315302,1,-39.54134551014123,4.211793717306389,0.9827378780483023,4.495044136926079,0.016316391587345935,0.10568062121152819
0.03437976999884995,0.02740575700045156,0.0004492209991440177,3.3370000892318785e-05,0.00508790899948508,1,-39.37937637624473,3.8080515775943518,3.6958072695513127,-7.0838677601823115,0.0024894847233042075,0.10225892821935433
0.033047090000764,0.027024646999052493,0.0004463130007934524,3.4388998756185174e-05,0.004821817001356976,1,-39.10701828119477,2.877184382637422,6.870922931271208,-21.750195777076186,-0.016156817521662765,0.09803093413482755
0.03242753599988646,0.02959000900045794,0.00049222099914914,3.8222000512178056e-05,0.00507650100007595,1,-38.90835609411517,1.4514147680366523,6.022342031134938,-35.700060862429396,-0.03535124707497338,0.09842798521986253
0.035281174999909126,0.038643644000330823,0.00042783199933182914,3.292600013082847e-05,0.00474846500037529,1,-38.64097296335251,-0.3682230220864354,6.123178216731861,-41.06613445714481,-0.04616695006249267,0.09759513096264673
0.04393514399998821,0.028446234999137232,0.0004304610010876786,3.177800135745201e-05,0.004829465000511846,1,-38.048765287439956,-2.3474142551579766,14.261028609202526,-53.979050006353326,-0.0657149734959152,0.08704453480596511
0.03380336500049452,0.02808566200110363,0.00043009099863411393,3.303700032120105e-05,0.004731983999590739,1,-37.09653625255625,-4.736412100738787,24.08273231535381,-65.74670765312736,-0.08510969109043481,0.07366964233501269
0.03335364399936225,0.027880107998498715,0.0004345540000940673,3.1906998628983274e-05,0.004702965001342818,1,-36.05255499101289,-7.30615105167161,29.139247837496487,-73.68108909767732,-0.10077580584695839,0.06528872585448867
0.03313003400035086,0.027859977999469265,0.00043236899909970816,3.3147998692584224e-05,0.004734706000817823,1,-35.01984928179816,-10.325614984216605,30.50643338432812,-85.69243921036262,-0.12214084358878373,0.0609965163380941
0.03314075500020408,0.027956347999861464,0.0004856100003962638,3.3370000892318785e-05,0.004703075999714201,1,-33.803454217887584,-13.696001363287927,34.846508175918665,-96.90944530931509,-0.13962634015954636,0.05293816739478594
0.033393773999705445,0.027801829999589245,0.0004320719999668654,3.264800034230575e-05,0.004730946000563563,1,-32.19508503267762,-16.508192997336522,44.17600293827666,-88.05594116073738,-0.13962634015954636,0.03833312635612524
0.03309275600076944,0.02771736700015026,0.00043433199971332215,3.3352000173181295e-05,0.004727002999061369,1,-30.352481832114822,-18.81138181894109,51.94379578345956,-74.83945725468607,-0.13311413389129562,0.024813525584904503
0.032999756000208436,0.027827867001178674,0.0004305359998397762,3.3759000871214084e-05,0.004795409000507789,1,-28.473842928357957,-20.74267140194741,55.59031163467873,-63.82252589839529,-0.12620999127349283,0.01573003310841988
0.033154292999824975,0.028181217998280772,0.00043016600102419034,3.294400084996596e-05,0.004731262000859715,1,-26.17960781879781,-22.61426011705575,65.10809624506233,-58.759830947891786,-0.1256943163587315,-0.0009339647588144789
0.03345914399869798,0.02752034999866737,0.0004404419996717479,3.283300065959338e-05,0.004698687000200152,1,-22.879320230211256,-24.411245778027737,88.60346276062037,-55.211447356418375,-0.12664295569273512,-0.03568964441511203
0.032765924001068925,0.02788268199947197,0.00043531299888854846,3.2018000638345256e-05,0.004733502999442862,1,-18.61231247487212,-25.871332467002905,116.75189158520185,-47.61081867238878,-0.1222244982005355,-0.0781738370615673
0.033164069998747436,0.02754542299953755,0.00044186900049680844,3.199999991920777e-05,0.0047893170012685005,1,-14.073720996327678,-27.012237732031867,131.2605228493483,-38.63374797636908,-0.11543016465049202,-0.1063875284441984
0.0328743680001935,0.0275627010014432,0.00043077600093965884,3.227799970773049e-05,0.004720372999145184,1,-9.790646130489863,-27.95996254141165,130.62862726606087,-31.880832688878627,-0.11056081481957794,-0.11725674544034435
0.03282168300029298,0.02739997999924526,0.0004163129997323267,3.290699896751903e-05,0.004732854000394582,1,-5.364100992600895,-28.77267527060646,133.59786202573082,-26.98774691174066,-0.10737274483355216,-0.1324745755482815
0.03266183199957595,0.027742849000787828,0.0004335350004112115,3.224099964427296e-05,0.004743649998999899,1,-0.763904615423284,-29.35495744267699,137.91233926680863,-20.576758869841804,-0.10189281985205387,-0.13962634015954636
0.03304536700125027,0.027341127999534365,0.00043790600102511235,3.1628998840460554e-05,0.00473648400111415,1,3.777122791467958,-29.76331031577834,138.1064560711096,-14.95605669129104,-0.09681260021302167,-0.13962634015954636
0.03264140600003884,0.027428108998719836,0.000432201999501558,3.2425001336378045e-05,0.004830853999010287,1,7.732647219567975,-29.816592173240583,126.57024801543383,-5.829030300577379,-0.0869167321983847,-0.13962634015954636
0.032811461000164854,0.027650404999803868,0.0004294800000934629,3.283399928477593e-05,0.004722797999420436,1,11.362495075252472,-29.651473445690947,115.66795082224853,1.6500679562946754,-0.07824390355144141,-0.13962634015954636
0.03293051599939645,0.027483775000291644,0.0004382210008770926,3.0962999517214485e-05,0.004723113001091406,1,14.602185208903485,-29.232342812204582,103.2694782243843,9.295470604889388,-0.06870230792757405,-0.13962634015954636
0.03277079399958893,0.027177590998689993,0.0004746829999930924,3.485200068098493e-05,0.0047589280002284795,1,17.506251236256983,-28.648018332412775,93.4680621005205,15.1942535798948,-0.060635970559630215,-0.13962634015954636
0.03254086900051334,0.027467423000416602,0.00044283200077188667,3.342600030009635e-05,0.004923427000903757,1,20.256142035603236,-27.929549393046493,87.0338154938726,19.84880393756115,-0.05357609902990826,-0.13962634015954636
0.032962830999167636,0.027216534999752184,0.0004697209988080431,3.709299926413223e-05,0.004927206000502338,1,22.782230965431324,-27.294979302122307,80.17286520709413,19.511853597725594,-0.05223340515823208,-0.13962634015954636
0.032743146000939305,0.02759844200045336,0.0005030540014558937,3.5425999158178456e-05,0.004871205001109047,1,24.824729851071897,-26.292419755485014,67.71912461633748,27.090739543677593,-0.041189719841764186,-0.13962634015954636
0.033102534000136075,0.02703248100078781,0.0004995719991711667,3.592600114643574e-05,0.0050110200008930406,1,26.06662758026734,-25.033714145439344,46.979403980734375,34.782153364548115,-0.029330659491683293,-0.12205723884552964
0.03265453499989235,0.02671711200127902,0.0004499060014495626,3.409300006751437e-05,0.005139019998750882,1,26.732487553498373,-23.716272777289312,28.697231866505696,38.55769682163639,-0.021620469994881118,-0.10374467144760188
0.03240860999903816,0.026795740999659756,0.00044796199836127926,3.4110998967662454e-05,0.005071741999927326,1,27.281144705273977,-22.203446221316113,20.676516377901407,44.08248140270412,-0.011458575254578975,-0.0964032587199313
0.032425573001091834,0.027077184000518173,0.00044901700130139943,3.3499998608022e-05,0.0050908519988297485,1,27.66972568185242,-20.520785879717238,14.754994758440168,49.41401328317116,-0.0010507072637482712,-0.09093875357528572
0.03274573899943789,0.02665162999983295,0.0004480360003071837,3.3628999517532066e-05,0.005116296999403858,1,28.03644735668294,-18.47544763130285,12.325287140279263,58.44342368736791,0.014404057451587009,-0.08925622371735115
0.03231746299934457,0.026844684998650337,0.0004502949996094685,3.366700002516154e-05,0.0054579999996349216,1,28.423549513486893,-16.111840680742734,12.091645544507804,68.43811706796173,0.03177995893675253,-0.0900443937853732
0.032860701001482084,0.028479716000219923,0.00044370300020091236,3.3166999855893664e-05,0.005014944999857107,1,28.6225766821883,-13.425570499544055,7.824456096931455,77.00094098005292,0.04845199472928927,-0.08588785874853302
0.03404286399927514,0.027140610000060406,0.00044596199950319715,3.242499951738864e-05,0.005132205000336398,1,28.635180250484755,-9.497638715508568,2.5613711634216836,104.83812320649056,0.08967831099526649,-0.08013249495607269
0.03282088599917188,0.02683201799845847,0.0004496470010053599,3.2611000278848223e-05,0.004843668000830803,1,28.1701106254556,-4.962057247898358,-8.957255525279724,127.99969664820514,0.1274021117437001,-0.06620631761092242
0.03223261099992669,0.027564404999793624,0.0005062939999334048,3.35000004270114e-05,0.004946074999679695,1,27.221401289259134,-0.06586684463533665,-22.650785158542234,141.99684506711685,0.13962634015954636,-0.04858191980660321
0.033145867000712315,0.026622112000040943,0.0004527020009845728,3.4110998967662454e-05,0.0048150759994314285,1,26.041889652062213,4.597381178631857,-32.04562260720186,143.49448881312307,0.13962634015954636,-0.03506291719264594
0.03201607499977399,0.028807418999349466,0.0004437949992279755,3.2203999580815434e-05,0.004842354001084459,1,24.711853562669607,8.970273862753142,-37.08900619849609,132.94680397396647,0.13962634015954636,-0.025924097800862238
0.03422064100050193,0.02690525900106877,0.00043512799857126083,3.3277001421083696e-05,0.00480226099898573,1,23.303472118116957,12.658006688148447,-41.35076120948125,119.65189558804657,0.13962634015954636,-0.01743353738848641
0.032264999999824795,0.027643553001325927,0.0004952199997205753,3.374000152689405e-05,0.004792316000020946,1,20.898701972349688,15.68779007580916,-63.055462991198645,100.05240040725755,0.13962634015954636,0.012934513964974359
0.03306186699956015,0.028026773999954457,0.00042523900083324406,3.231499977118801e-05,0.004769445999045274,1,17.797314281066416,18.07297782282867,-83.70579477085484,79.70326270760626,0.1364706291000043,0.044023625689061
0.033327791999909095,0.02891697499944712,0.00044071999946027063,3.4462998883100227e-05,0.004844852999667637,1,14.543318615006859,20.08416700133874,-92.4267967142703,65.2647222215861,0.12601844534735931,0.06240251612517881
0.03430728900093527,0.027917643999899155,0.0004406280004332075,3.27220004692208e-05,0.00482596499932697,1,11.153627351843754,21.721899983768388,-98.92749471720714,54.02374530156166,0.1180752497878925,0.07870545033894971
0.03329064399986237,0.027043480999054736,0.00043633199857140426,3.309299972897861e-05,0.004823131999728503,1,7.752724720927449,23.085067966792536,-102.48123580603708,45.59393923205876,0.11248301666560448,0.09179700264013668
0.03241055499893264,0.02828145800049242,0.0004397390002850443,3.237000055378303e-05,0.004817724000531598,1,4.329226583634276,24.205492966653352,-101.72865922436641,36.82763292200506,0.10586522722416963,0.10021261337099051
0.033787754000513814,0.028620808998311986,0.00044759099910152145,3.4110998967662454e-05,0.0048461309997946955,1,0.7413639341620242,25.04169057178538,-104.6576908577747,28.210572154749542,0.09864419391404503,0.11312177732131472
0.034028419000605936,0.027862644001288572,0.00047899800119921565,3.4982000215677544e-05,0.004765056999531225,1,-2.894393546496303,25.81123792352157,-107.82258236532957,24.65488087511482,0.09681071135613455,0.12641970317740256
0.03321175599921844,0.030971615000453312,0.0004556459989544237,3.533400013111532e-05,0.005204704999414389,1,-6.833974408916682,26.290038359120167,-109.79377178752473,16.320528397241155,0.08893568480658973,0.13922487987035226
0.036743262000527466,0.026697814999351976,0.0004545720003079623,3.451900010986719e-05,0.005143427000803058,1,-10.813088272463732,26.65285499079321,-117.2428978150339,12.637831496960802,0.08586432312179855,0.13962634015954636
0.03241857300054107,0.0269364809992112,0.00044914699901710264,3.340700095577631e-05,0.005080000999441836,1,-14.791484433218137,26.92396527287219,-120.50858042223062,9.67843853377196,0.08334098862390407,0.13962634015954636
0.03264140600003884,0.026899276999756694,0.00045459099965228233,3.2665999242453836e-05,0.005573499000092852,1,-18.534014123299382,26.966113147486993,-116.92188413388018,3.9602728466636155,0.07716480562954486,0.13962634015954636
0.0330470159988181,0.026872888998696,0.0004436470007931348,3.383400144230109e-05,0.00490315000024566,1,-21.54739220896159,26.931238798953842,-98.71373221556586,0.4711516075421578,0.07323261152547175,0.13962634015954636
0.03233666600135621,0.027015258001483744,0.0004467020007723477,3.2758998713688925e-05,0.004768168999362388,1,-24.13930632726612,26.682474906758983,-85.31099123622613,-5.075033642813143,0.0664601452411548,0.13962634015954636
0.03235625799970876,0.030092543998762267,0.0004425170009199064,3.1702998967375606e-05,0.004939742000715341,1,-26.17395055686594,26.03272348167272,-65.04102224955687,-14.895421993493645,0.05390338920767333,0.13962634015954636
0.0355983589997777,0.02642839100008132,0.00044607299969356973,3.253700015193317e-05,0.004838261000259081,1,-27.317615910432448,25.177071887106028,-45.00655051642619,-22.776295732944845,0.04292416878894695,0.12326476852623643
0.031816722999792546,0.02779394100070931,0.00044309100121608935,3.379599911568221e-05,0.004753242999868235,1,-27.976041755618006,24.1611102177741,-27.599287424534644,-28.290657626091853,0.03411527419928903,0.10589452890715673
0.03309494200038898,0.02842053200038208,0.0005112950002512662,3.338900023663882e-05,0.00486402100068517,1,-28.424610203901402,22.90838665529562,-17.456349992824805,-34.49008401700394,0.02391355155059384,0.09594843254264109
0.03389895699910994,0.027380515999539057,0.0004378869998618029,3.225900036341045e-05,0.0048144089996640105,1,-28.556224174483237,21.6115340771379,-8.215416112906533,-37.985961317787506,0.016566584558706077,0.08613876299530193
0.03274325700112968,0.02920663999975659,0.0004378140001790598,3.338799979246687e-05,0.004921039000691962,1,-28.406393647610606,20.194092828356794,0.8003116288775924,-40.41782133783511,0.010064447164944729,0.07581692005678328
0.03466745399964566,0.02737757300019439,0.0004376280012365896,3.338900023663882e-05,0.004956112999934703,1,-28.625089992911207,18.569491900773475,-4.337754193987632,-46.55605699762336,-0.0010740345652973105,0.08205927259424665
0.032874608999918564,0.027108221000162303,0.0004384990006656153,3.244499930588063e-05,0.00483685300059733,1,-29.03563970806931,16.64700721786619,-9.9905340531011,-55.06650458718164,-0.015626235557661093,0.08938581467019835
0.032486054000401055,0.027962570000454434,0.00044283199895289727,3.351800114614889e-05,0.005408944000009797,1,-29.392820681003187,14.188764468807603,-10.484278655936041,-68.04843751453771,-0.03654361720021095,0.09089332236023825
0.03395006800019473,0.030231025999455596,0.0004416840001795208,3.331500010972377e-05,0.0051408340004854836,1,-29.26490960410179,10.293741923058569,-0.4804678042317505,-102.13383053214136,-0.08455411039309736,0.07954377051572976
0.03594072799933201,0.028105346998927416,0.0005223499993007863,4.06299986934755e-05,0.005192889000682044,1,-28.827385012680004,5.730795707118911,8.991973298502488,-122.2703939518962,-0.11902428493786477,0.06794276890588329
0.033940974999495666,0.02741208999941591,0.00044505400001071393,3.4110998967662454e-05,0.0050863899996329565,1,-28.1163904207448,0.7830718358486988,17.429704107206263,-138.44200060002174,-0.13962634015954636,0.05674157961808408
0.03308027499952004,0.027193221001653,0.0004428869997354923,3.4591999792610295e-05,0.00511998200090602,1,-27.141777894334915,-4.316697554818784,25.816015546445186,-149.68792640255307,-0.13962634015954636,0.044885183213614566
0.032889572001295164,0.027379294000638765,0.000443812999947113,3.3093001547968015e-05,0.005200390000027255,1,-25.99314033923975,-9.452163618807019,32.126111130932784,-154.28372294922045,-0.13962634015954636,0.03484275667192127
0.03313995899952715,0.0271127769992745,0.00045140600013837684,3.453699901001528e-05,0.005126426998685929,1,-24.707835278835425,-14.45395216467215,36.75629758729829,-151.96627315424473,-0.13962634015954636,0.026279227906827525
0.03281927600073686,0.02742955299981986,0.00044812799933424685,3.398099943296984e-05,0.005076389999885578,1,-23.193126210094476,-18.28499472268749,43.08918244010313,-127.14544614629139,-0.13962634015954636,0.015223340083141648
0.03308601499884389,0.02689046300110931,0.00044098000034864526,3.503700099827256e-05,0.005046668000431964,1,-20.755181211162782,-21.562038817876026,64.45867442822778,-108.02303007108591,-0.13962634015954636,-0.014865552600911054
0.032511166000404046,0.026968981001118664,0.0004562209996947786,3.336999907332938e-05,0.004805706001207,1,-17.454373969047786,-24.321159994977652,89.55280805409728,-91.85817450012954,-0.13962634015954636,-0.05138127914307799
0.03234942500057514,0.026983443998688017,0.0004394430015963735,3.246300002501812e-05,0.004903502000161097,1,-13.917891326276774,-26.76991166003867,102.69687413407648,-80.572535410604,-0.13962634015954636,-0.07538825496653684
0.0324445360001846,0.028143920999355032,0.0004463320001377724,3.2907000786508434e-05,0.004867112998908851,1,-10.378882557454368,-28.99152486116825,104.01600523058268,-69.98704365484582,-0.13962634015954636,-0.08639462284851415
0.0335741250000865,0.027353757999662776,0.00045009099994786084,3.253700015193317e-05,0.004867927998930099,1,-7.417036328921286,-30.916926543080177,94.25864813208493,-62.00673630461033,-0.13962634015954636,-0.08365851485720596
0.03279229399959149,0.026801037000041106,0.00042970200047420803,3.185199966537766e-05,0.00480272400091053,1,-4.985311424010284,-32.47977089728497,81.37462179854843,-52.757031168461495,-0.13962634015954636,-0.07605174313357552
0.032152110999959405,0.028085254998586606,0.00031605499862052966,4.068500129505992e-05,0.004926816998704453,1,-2.199213714168052,-34.286061857142286,81.37462179854843,-52.757031168461495,-0.13962634015954636,-0.08357420695014954
0.03346914400026435,0.028473197999119293,0.0003310730007797247,4.029599949717522e-05,0.0049269640003331006,1,0.5375198715821202,-36.0603489246832,81.37462179854843,-52.757031168461495,-0.13962634015954636,-0.09096338763167501
0.033858512999358936,0.028925623000759515,0.0003272949998063268,4.1907998820533976e-05,0.004975224001100287,1,3.3355931588521526,-37.87440392568325,81.37462179854843,-52.757031168461495,-0.13962634015954636,-0.0985181855073041
0.0343554179999046,0.026581834999888088,0.0003137759995297529,4.033400000480469e-05,0.004982038000889588,1,5.9485081780305356,-39.56841658049591,81.37462179854843,-52.757031168461495,-0.13962634015954636,-0.10557305605908573
0.03201001900015399,0.027850791999298963,0.00030942500052333344,4.237100074533373e-05,0.004938001000482473,1,8.652080221882423,-41.321204260870964,81.37462179854843,-52.757031168461495,-0.13962634015954636,-0.11287270057748583
0.03323681099936948,0.02815219900003285,0.00030994400003692135,4.000000080850441e-05,0.004891483000392327,1,11.371796014439681,-43.084458303298476,81.37462179854843,-52.757031168461495,-0.13962634015954636,-0.12021593321739042
0.03348710700083757,0.027892550999240484,0.00031181399936031085,4.2036999730044045e-05,0.004948335001245141,1,14.090446450317417,-44.84702165058904,81.37462179854843,-52.757031168461495,-0.13962634015954636,-0.1275562893942603
0.03342205099943385,0.027738978000343195,0.000314721000904683,1.2796999726560898e-05,0.0,0,16.804169245870007,-46.60639029579098,81.37462179854843,-52.757031168461495,0.0,0.0
0.02814021800077171,0.031776185998751316,0.0002987400002893992,1.1665999409160577e-05,0.0,0,19.435165950119114,-48.31212572118949,81.37462179854843,-52.757031168461495,0.0,0.0
0.032156314999156166,0.03537560000040685,0.00032281399944622535,1.2184998922748491e-05,0.0,0,22.334420686367487,-50.19177897308692,81.37462179854843,-52.757031168461495,0.0,0.0
0.035785060999842244,0.031499613000050886,0.0003078139998251572,1.1019001249223948e-05,0.0,0,24.922938454476515,-51.86997433122105,81.37462179854843,-52.757031168461495,0.0,0.0
0.031899872001304175,0.03288590500051214,0.0003153319994453341,1.3480999768944457e-05,0.0,0,27.641414097738895,-53.632424356455516,81.37462179854843,-52.757031168461495,0.0,0.0
0.033286032999967574,0.03503832400019746,0.00031949900039762724,1.2241000149515457e-05,0.0,0,30.503833309473126,-55.488196294105975,81.37462179854843,-52.757031168461495,0.0,0.0
0.03544297000007646,0.031919481998556876,0.00044455399984144606,3.227700108254794e-05,0.004798149999260204,1,4.220861807336263,-31.938230665815183,-5.448360295766065,23.115626752577015,-0.060806033369866286,-0.005403130554465238
0.03726748299959581,0.027079055000285734,0.0004996650004613912,3.713000114657916e-05,0.004860057999394485,1,2.6243765279726157,-30.499051354220196,-43.16216319193709,41.488419527854084,-0.03671017717575503,0.040392562885604735
0.03256153499933134,0.028281384000365506,0.00044112800060247537,3.270299930591136e-05,0.004857539001022815,1,0.3212608522513143,-28.65490204145517,-61.22315428634816,50.94454259179477,-0.021329238660954715,0.06647806541390443
0.03368136500102992,0.027254831000391277,0.00044207199971424416,3.2777999876998365e-05,0.004877538998698583,1,-2.3266098033917375,-26.582462154520513,-74.82950165709397,59.56060815974734,-0.006255978841483323,0.08859429829196107
0.032689387999198516,0.03067902400107414,0.0004533870014711283,3.483399996184744e-05,0.0048608349989081034,1,-5.117393309123624,-24.181925899343238,-79.3190630137744,66.86977228471096,0.008265549584955317,0.10106793124978564
0.03612159700060147,0.027345517000867403,0.00044153499948151875,3.3907999750226736e-05,0.00503564899918274,1,-7.611209273418936,-21.645582290779448,-75.70593753688202,72.90812304701032,0.02175586316660684,0.10382679632880135
0.03293199699874094,0.026861702999667614,0.0004472389991860837,3.3629999961704016e-05,0.004815317000975483,1,-9.978614102349773,-18.766514729647824,-73.06465335318536,82.93003251915104,0.04055344600101702,0.10731337676484828
0.032233500000074855,0.027160925001226133,0.0005157209998287726,3.631399886216968e-05,0.004895983000096749,1,-12.649010142838774,-14.812789924765115,-79.15498023706536,109.22108421599395,0.08014865984072755,0.12122280564643659
0.032690313000784954,0.02753247900000133,0.0004449240004760213,3.43510000675451e-05,0.004876576000242494,1,-15.587094229699428,-8.943978306620881,-85.51547840798409,156.04748427850237,0.13962634015954636,0.13615218066897097
0.032974552999803564,0.027891904001080547,0.0004330909996497212,3.281499994045589e-05,0.004787334999491577,1,-18.892358074076746,-2.4972109520299037,-95.5800457264653,183.124863155428,0.13962634015954636,0.13962634015954636
0.03325649600083125,0.028088254999602214,0.0004474060006032232,3.3352000173181295e-05,0.004784298000231502,1,-22.116580220059177,3.2137052830087387,-95.81822719720071,173.81253268294185,0.13962634015954636,0.13962634015954636
0.033458810999945854,0.027819255999929737,0.0004411469999467954,3.237000055378303e-05,0.004853798000112874,1,-24.683412516216855,7.887356159632572,-83.26676363496533,151.41057782047397,0.13962634015954636,0.13962634015954636
0.033256365999477566,0.027811348998511676,0.0004334420009399764,3.3443999200244434e-05,0.00477996500012523,1,-26.47736421021083,11.924420524428216,-62.82474363119557,130.48347820244103,0.13962634015954636,0.13962634015954636
0.03316779299893824,0.029548917000283836,0.0004692940001405077,3.2685000405763276e-05,0.00496392700006254,1,-27.60155035294337,15.629785674924868,-41.05413626410021,113.89396451577721,0.13962634015954636,0.11968373584345733
0.035103009000522434,0.026765906999571598,0.00044073900062358007,3.368499892530963e-05,0.0048718909984017955,1,-28.22239884194137,18.044194905613587,-25.88323853181796,86.32188040128433,0.13962634015954636,0.10467203925824146
0.032199647999732406,0.028658679000727716,0.00044336899918562267,3.300000025774352e-05,0.004905575000520912,1,-28.683454949108054,19.805154670510227,-17.215665505154846,62.089127208677866,0.12177195753992326,0.09638256041826208
0.03411286400114477,0.026778389001265168,0.0004381099988677306,3.111099977104459e-05,0.004771945999891614,1,-29.042911275406546,21.19715173311483,-12.970962302326742,48.78705079093336,0.11089806554943674,0.09268391897615709
0.03210505499919236,0.02881873399928736,0.0005049430001236033,3.307399856566917e-05,0.004880631000560243,1,-29.203274402432474,22.18075668687112,-7.077885318075673,34.580108726184335,0.0979261626533548,0.08663451473645092
0.03430493700034276,0.028104402999815647,0.0004497939989960287,3.2202999136643484e-05,0.004891724000117392,1,-29.409400388085995,22.93990178596012,-6.418482158198717,26.169432931342072,0.0907241110465686,0.08646571142185078
0.033545161999427364,0.027696144999936223,0.00047860899940133095,3.4128999686799943e-05,0.00492013099938049,1,-29.559124266963057,23.479573442794596,-5.104788494878721,19.329484446680112,0.08465728118689353,0.08542490286516685
0.033205423000254086,0.02772897900103999,0.0005156090010132175,3.4777000109897926e-05,0.004914389999612467,1,-29.58406128645556,23.983197336140186,-2.05007122181246,16.3346638349179,0.0827227630259882,0.08213204381742373
0.0332611440007895,0.02838062400041963,0.0005308680010784883,3.9000000469968654e-05,0.006233588999748463,1,-29.351908797239414,24.291125639038512,4.238819848406264,11.467867514564514,0.07820069349142494,0.07458745191929952
0.035261692999483785,0.026700500000515603,0.0004541100006463239,3.535100040608086e-05,0.005080705001091701,1,-28.813254287979678,24.433365056459184,12.429736635531787,6.161869099319103,0.0727481416616908,0.06412307627846016
0.03233942599945294,0.026999684998372686,0.0004621089992724592,3.327800004626624e-05,0.004904019999230513,1,-27.885437380123204,24.31842952488358,23.501699314011205,-0.4255661294051931,0.06519163697483996,0.04943881168092032
0.03246742500050459,0.027865310999914072,0.00044081399937567767,3.237000055378303e-05,0.005549629000597633,1,-26.504884693510906,24.025715092001732,36.10596991459438,-6.269079692522294,0.057973443086630154,0.03184662176642562
0.03395590100080881,0.027272405999610783,0.0005028499999752967,3.661099981400184e-05,0.005001242001526407,1,-24.7921739553853,23.373626869726717,46.653519454001064,-15.531085300970382,0.04602459871719472,0.015619998280139137
0.032880997998290695,0.027427998000348452,0.0005106099997647107,3.27219986502314e-05,0.004817853001441108,1,-22.491121496242688,22.507533446839048,62.50251645856568,-22.905117161048587,0.035574711429311984,-0.008026740064566995
0.03285816400057229,0.028140624999650754,0.000440534999142983,3.262999962316826e-05,0.004909797999061993,1,-19.785057369527383,21.494316984702266,75.3448363305745,-28.062450218938295,0.027165960617863992,-0.02945966506590801
0.033594717000596575,0.026786278000145103,0.00043184999958612025,3.3074000384658575e-05,0.004950520000420511,1,-16.928764398875664,20.26114317513921,83.95564945157128,-34.82615965409774,0.01639631095336836,-0.04664355051976412
0.032300999999279156,0.029349546999583254,0.00043499899948074017,3.472199932730291e-05,0.004967722999936086,1,-13.680513154194085,18.609900684514322,91.18978730154707,-44.17537833216539,0.0016538156828067446,-0.06337138051537776
0.03485536100015452,0.02744616499876429,0.00043566500062297564,3.233399911550805e-05,0.004879612000877387,1,-10.224054959312834,16.671061672632234,101.01982543753009,-54.48354134122552,-0.014920028959241036,-0.08351685959113844
0.03286068300076295,0.02805338500002108,0.00047370199899887666,3.785099943343084e-05,0.0051318340010766406,1,-6.321717745784299,13.876736624905549,112.1751988973208,-74.95258667675981,-0.04498065645719081,-0.10632408087343527
0.03387325299991062,0.026653908000298543,0.000441313000919763,3.375899905222468e-05,0.004939259999446222,1,-2.0065888525050926,10.068589043082444,124.92162423146013,-102.86448848694785,-0.08596574691932005,-0.1319959967528424
0.03214348199981032,0.02692742600083875,0.0005055720012023812,3.4315000448259525e-05,0.004850074999922072,1,2.2954532920855084,5.6634887458859176,130.51879637506147,-125.60417507601807,-0.1228731729697279,-0.13962634015954636
0.032416850999652524,0.03157092799847305,0.00044801699914387427,3.353699867147952e-05,0.005036222999478923,1,6.633475368800896,0.7289529409599493,126.66667600664026,-137.77477024479015,-0.13962634015954636,-0.13962634015954636
0.03717338999922504,0.027603997001278913,0.00044457200056058355,3.396300053282175e-05,0.005146112000147696,1,10.515880793199528,-4.5067618037855945,115.03382948465924,-146.22534667534526,-0.13962634015954636,-0.13962634015954636
0.03332677400067041,0.027608664000581484,0.00044510900079330895,3.314800051157363e-05,0.005243297000561142,1,13.536275996392455,-9.371925136748219,98.57464405133902,-146.787848468329,-0.13962634015954636,-0.13962634015954636
0.03341392199945403,0.027602571000898024,0.0004422390011313837,3.205599932698533e-05,0.005116426000313368,1,16.05671183341117,-13.962007625229825,82.01701678776328,-139.6525725834764,-0.13962634015954636,-0.13357184041674977
0.03327418100161594,0.026942776999931084,0.00044481300028564874,3.379599911568221e-05,0.005013594000047306,1,18.441385877949962,-17.325206194788773,75.04654410029917,-113.16891120864034,-0.13962634015954636,-0.132342940380794
0.03252059099941107,0.02746377599942207,0.00044736800009559374,3.464799920038786e-05,0.004999112999939825,1,20.54817694166255,-19.83208209558778,67.7636644196952,-88.11894129984094,-0.13962634015954636,-0.1300201086041536
0.033053422999728355,0.026687908000894822,0.0004437770003278274,3.453699901001528e-05,0.004939853000905714,1,22.061575852368577,-21.729992914133224,52.84856149405593,-67.25215382687708,-0.1326483500777245,-0.11769967244485668
0.03217966699958197,0.027928681000048527,0.0004495169996516779,3.3443999200244434e-05,0.004809150001165108,1,22.625708541713227,-22.983961224907134,27.411163358362188,-46.10968157409886,-0.11277734503875801,-0.09124169275682412
0.03328938500089862,0.028326605999609455,0.0004530909991444787,3.281399949628394e-05,0.004981631000191555,1,22.340205187705955,-23.7538483519071,2.083669917839373,-29.666851761667246,-0.09676892748798316,-0.06261059091642938
0.03386384599980374,0.027142999000716372,0.00045486900125979446,3.314800051157363e-05,0.004953167999701691,1,21.870404349742813,-24.231132655497845,-9.198657473880274,-19.660486891990203,-0.08705059375103341,-0.04893156852303729
0.03267609099930269,0.027117407000332605,0.00043833199924847577,3.259199911553878e-05,0.00482005800040497,1,20.919197571709667,-24.59040610351098,-22.74928647127187,-13.510514493920144,-0.08125566242279181,-0.03145761832521705
0.03247333200124558,0.035320728999067796,0.0004852759993809741,3.309299972897861e-05,0.004916668000078062,1,19.82381697060611,-24.733588223867358,-28.935712124708722,-6.602884871830028,-0.0740438615634549,-0.0216950224834569
0.040820914999130764,0.027283313998850645,0.00043603599988273345,3.138899955956731e-05,0.0048519829997530906,1,18.755897951981936,-24.708449574182126,-28.59791397186175,-0.9661542387276842,-0.0677755835128922,-0.0191832191013033
0.03266729499955545,0.0267988340001466,0.0004510349990596296,3.463000030023977e-05,0.005094834999908926,1,17.465753182888268,-24.555181198594322,-36.021128364437004,2.9072220173580767,-0.06310104501711078,-0.00753429239291762
0.032444702001157566,0.027122942999994848,0.0005195169997023186,4.1073999454965815e-05,0.0050820560009015026,1,15.507224127114272,-24.277431769034582,-52.602966559580054,6.759290634237097,-0.058113846078732566,0.015993758072329528
0.03284149799947045,0.028348142999675474,0.0005628310009342385,5.6351000239374116e-05,0.005016963999878499,1,12.77054455935612,-23.646487713432258,-73.62239416524807,15.3207007616865,-0.04699274598841195,0.046504163271511356
0.03406154900039837,0.027307461999953375,0.0004901089996565133,3.4593000236782245e-05,0.005259907999061397,1,9.2627013349736,-22.567159575964645,-94.87014836549346,27.05426507723125,-0.031171639270150164,0.07934786959761408
0.03317305199925613,0.027591664000283345,0.0004967200002283789,3.633300002547912e-05,0.005019575000915211,1,5.611174560798808,-21.155440142471324,-105.31555548082893,37.79440258184424,-0.015545845544643916,0.10069693971475505
0.03321234900067793,0.027565701999265002,0.0005089059995952994,3.5721999665838666e-05,0.005008019999877433,1,1.889375341674619,-19.348665348845962,-110.08120452695708,49.380649790723865,0.0020773183279121504,0.11598801155713133
0.033182830000441754,0.027010720999896876,0.0005036090005887672,3.292600013082847e-05,0.00501881600030174,1,-1.6987339719769408,-17.01358549781624,-108.7975405661,64.01566720432416,0.024480553080652737,0.12426387634704773
0.03263331299967831,0.027229424000324798,0.00044705400068778545,3.857400042761583e-05,0.005099463998703868,1,-5.090149619178367,-14.006770392102752,-105.43060816482927,83.26878498896305,0.053777383429181924,0.1297170729530938
0.03288855299979332,0.027759218999563018,0.000507925000420073,3.753700002562255e-05,0.005155853001269861,1,-8.22347980548936,-10.255711431128994,-98.4551358851351,104.55058316985841,0.08731522062279598,0.1305040449484699
0.03357375399900775,0.027332961000865907,0.0004526470002019778,3.855499926430639e-05,0.0051387969997449545,1,-11.168786778805947,-5.973273656190125,-90.91025635929317,120.72921858700494,0.11667430157399208,0.13015700629799856
0.033029701000486966,0.02748901699851558,0.0004499240003497107,3.992500023741741e-05,0.0050483530012570554,1,-13.937358450818621,-1.6375679743948863,-85.57629208488444,127.45665539890501,0.13578088740792935,0.13176478911058317
0.033109366999269696,0.027308034999805386,0.0004431470006238669,3.9276999814319424e-05,0.005060501000116346,1,-16.36057343538081,2.4206706221233114,-77.39722705104657,124.69777520060426,0.13962634015954636,0.12931049803167943
0.032933368000158225,0.026931739999781712,0.00044186900049680844,3.344500146340579e-05,0.005042112001319765,1,-18.048294479364003,6.143051553477617,-59.13812327638196,116.32335359525624,0.13962634015954636,0.11378233069830297
0.03253590600070311,0.026995943999281735,0.0004429989985510474,3.327800004626624e-05,0.005071907999081304,1,-18.943566327830332,9.403599958871318,-37.581278777376085,105.42389166087948,0.13962634015954636,0.0924870357402556
0.03262496199931775,0.026686167999287136,0.0004357759989943588,3.40369988407474e-05,0.005198630000450066,1,-19.097969162319476,12.23143382464247,-15.108075833555485,92.69453149684395,0.13498885597306304,0.06818340015517363
0.03242186900024535,0.026666204999855836,0.00044625800001085736,3.5703998946701176e-05,0.004888908999419073,1,-18.641003780329587,14.723717354001352,4.798895531139539,81.86703732238567,0.12980777791042789,0.045051925122636394
0.03210625999963668,0.027797200998975313,0.0004362760009826161,3.312900116725359e-05,0.004947354000250925,1,-17.624418933607117,16.73708770657439,22.78297849959424,67.10212138687922,0.11900247033331798,0.022524654771185558
0.03329192199998943,0.0297808420000365,0.0004921649997413624,3.4148000850109383e-05,0.00510783400022774,1,-15.962073152292803,18.162865296408977,41.91216756171441,50.631868426354174,0.10473479156929383,-0.0030057868066952834
0.035481970000546426,0.027136610000525252,0.00043096099943795707,3.259199911553878e-05,0.004982779000783921,1,-14.328431320656918,19.019761619097203,45.458134441175176,31.613058173402038,0.08612772036230469,-0.01131718331951901
0.03265299899976526,0.027080332998593803,0.00043757200000982266,3.2202999136643484e-05,0.004950296999595594,1,-13.08708027347986,19.5987530903723,40.516391902394076,22.20981323815508,0.07734742790597579,-0.009232914354237863
0.032567591000770335,0.027708738000001176,0.00043203600034757983,3.299999843875412e-05,0.00519968599837739,1,-11.861707702667866,19.987223196146513,37.88015249190834,14.828014936843363,0.07027631906012329,-0.009641556943895936
0.033444587999838404,0.02728803500031063,0.00044364599852997344,8.761100070842076e-05,0.004879520000031334,1,-9.884118193882774,19.913353908173114,53.14779494478804,3.018596692197047,0.05708651191348416,-0.03177545531578336
0.032881776000067475,0.02835319800033176,0.0004427759995451197,3.151800046907738e-05,0.00500744599958125,1,-6.718563223285707,19.58866978630199,82.16433357714587,-5.901326553186415,0.04639794921451031,-0.07224064623198904
0.03390547500021057,0.026955240000461345,0.0004446279999683611,3.312899934826419e-05,0.004952278999553528,1,-2.7619436275196634,18.908893224353815,108.2517703406996,-16.071001591557778,0.03337590995504175,-0.11161969958046647
0.032455980999657186,0.02731938699980674,0.0004359989998192759,3.2685000405763276e-05,0.004848798000239185,1,1.5712965541049204,17.92375976827669,124.95821465146705,-25.72794283014656,0.020093414261185844,-0.13962634015954636
0.03273853499922552,0.02925388099902193,0.0004389060013636481,3.205600114597473e-05,0.004965149999407004,1,5.669824070256075,16.634003392103587,119.89353681491227,-33.99716075401659,0.0075149323292614326,-0.13962634015954636
0.03477645400016627,0.02710531399861793,0.00044147999869892374,3.19439986924408e-05,0.005160593000255176,1,9.212179443543759,14.895293486213028,112.28257753870643,-47.247099633378525,-0.011754517183941202,-0.13962634015954636
0.03282627500084345,0.026811740000994178,0.0004402760005177697,3.3074000384658575e-05,0.004831242000364,1,11.922169601627733,12.030725134772776,91.94741432225972,-74.88774451529221,-0.04989356110293494,-0.1333320136788806
0.032218870999713545,0.028493678999439,0.0004379980000521755,3.301900142105296e-05,0.0048370759996032575,1,14.236857650826824,8.654078959920348,75.4006516519834,-92.63757963624641,-0.07853532440808612,-0.12138023247441417
0.03386866000073496,0.028286031998504768,0.0004396090007503517,3.120399924227968e-05,0.004826723999940441,1,16.038840916638396,5.370771017866582,60.07451679174687,-96.1932376857896,-0.0913114797061288,-0.10938683894584525
0.03365173599922855,0.028034514998580562,0.0004961089998687385,3.423999987717252e-05,0.004807187000551494,1,17.73362529310091,2.0063468229656087,53.57296150690864,-99.411667469104,-0.10393569779400727,-0.10681104594897198
0.033440532999520656,0.028775863000191748,0.0004700359986600233,3.2222000299952924e-05,0.005073612001069705,1,18.941848992897974,-1.0725586428927452,40.58250667273711,-92.79970415355781,-0.10497558290472402,-0.09578374962083536
0.03441813999961596,0.027290776000882033,0.00043799900049634743,3.3259000701946206e-05,0.0051652599995577475,1,19.32996377297375,-3.7506025997466175,20.866302375124533,-85.27923554436774,-0.10393378611812039,-0.07514383479966612
0.03299579400118091,0.027571848999286885,0.0005043870005465578,3.196299985575024e-05,0.005688961999112507,1,18.949611865528855,-6.256329671433091,-1.5769767324739163,-78.72014611702774,-0.10348425084159987,-0.0494292776312066
0.03386382700045942,0.027673848999256734,0.0004426460000104271,3.3888998586917296e-05,0.005057038000813918,1,17.818722999380377,-8.845876559341955,-24.112491589715635,-76.89052733006046,-0.10846344677328978,-0.02158681134963982
0.033277033999183914,0.027456219999294262,0.00044399900070857257,3.2408001061412506e-05,0.005145704999449663,1,16.100740313920646,-11.458533686142179,-43.41280343310874,-78.3662916967742,-0.11714096181903551,0.004282084928833869
0.033147385000120266,0.027165777000845992,0.0005142390000401065,3.325999932712875e-05,0.004913519998808624,1,13.938378757577139,-13.800816567418245,-58.45377294137148,-72.8000015512187,-0.11734220643836983,0.026665527590050364
0.03269742500015127,0.027039388000048348,0.000439942999946652,3.322200063848868e-05,0.004828500999792595,1,11.611060521176956,-15.584939154324047,-67.26098293970873,-60.37217084812247,-0.10848872364960965,0.042637217826501816
0.03241164700011723,0.02829438300068432,0.00044679500024358276,3.4184999094577506e-05,0.005254630001218175,1,9.052590157387764,-16.880414906244386,-73.65911661605583,-45.14113469700039,-0.09523236841356028,0.056583034852714445
0.03409965999890119,0.02672285200060287,0.0004499239985307213,3.27219986502314e-05,0.004833649998545297,1,6.05541027421411,-17.704435612811857,-85.6047026163835,-31.21889892537822,-0.08214276497250805,0.07781556513764376
0.032135445000676555,0.028444847001082962,0.0004418140015332028,3.2592999559710734e-05,0.004879316000369727,1,2.7839962532573916,-18.22005045827817,-94.17854681471432,-20.152050878768748,-0.07136139220399669,0.0960796116123908
0.03386980899995251,0.026748832999146543,0.0004352769992692629,3.2241001463262364e-05,0.00481100199976936,1,-0.3883467228275418,-18.467902999407418,-96.30516826276332,-11.558903940849975,-0.062578132433335,0.10698422124067401
0.03209788899948762,0.028020125999319134,0.0004368680001789471,3.309299972897861e-05,0.004787817000760697,1,-3.949981801288883,-18.460139840161595,-103.83484942204151,-3.3364943618788736,-0.05351252136650307,0.12488328522772567
0.03335125500052527,0.029845007999028894,0.0004480909992707893,3.5166000088793226e-05,0.004930279999825871,1,-7.896253526627814,-18.064519125699444,-110.03217602999118,7.358072071675837,-0.040680322360545085,0.13962634015954636
0.03534734099957859,0.02689624100094079,0.0004512390005402267,3.4315000448259525e-05,0.0052110379983787425,1,-11.795983791775582,-17.36348843240924,-117.07272240244278,17.070375370677098,-0.028104005859760146,0.13962634015954636
0.032684720999895944,0.027288110000881716,0.0004512389987212373,3.351800114614889e-05,0.004921354000543943,1,-15.558688384389935,-16.58831490900118,-115.82117043083322,21.645391448407207,-0.02097851966105526,0.13962634015954636
0.03278440500071156,0.02769153400004143,0.0005112210001243511,3.488899892545305e-05,0.004838093998841941,1,-18.91293679726157,-15.509812460219832,-105.3561971721658,29.159504992340988,-0.00980103815101846,0.13962634015954636
0.03316557099969941,0.03191522300039651,0.00045805400077369995,3.777799975068774e-05,0.005062685999291716,1,-21.691367777255863,-13.771338302274843,-84.80040283703025,43.65315943344024,0.010835861960642179,0.13962634015954636
0.037570833001154824,0.027537979000044288,0.0004462770011741668,3.294400084996596e-05,0.005163777999769081,1,-23.7632180342178,-11.759900051151167,-66.73165406357401,54.04638083157259,0.0276992887766217,0.1375655081623195
0.0332477559986728,0.027423332001490053,0.000510461000885698,4.122199970879592e-05,0.005141834000824019,1,-25.162802337682475,-9.517778807410101,-49.87062301056575,63.61421601949489,0.04427763484143711,0.12279725162336501
0.03318253300130891,0.027750645000196528,0.00046720200043637305,3.733300036401488e-05,0.0052783150003961055,1,-26.00776626988554,-6.876310479709845,-32.6890315693861,74.45371730266015,0.06333305073770959,0.10617890365501567
0.03360730999884254,0.027427312999861897,0.000456757999927504,3.866699989885092e-05,0.005084464000901789,1,-26.17824294614845,-4.243094035864753,-13.3593426368735,77.44748343273766,0.0737358778791766,0.08537653285516168
0.03311742299956677,0.02739884900074685,0.000440665000496665,3.307399856566917e-05,0.005181705000723014,1,-26.0688003857738,-2.1093376046212358,-1.8044969527030954,68.50328695827659,0.06965840412162692,0.07237070768956266
0.03312069999992673,0.02688955600024201,0.00044651700045506004,3.524000021570828e-05,0.005060519000835484,1,-25.632198213947007,-0.28398230788968293,8.603736913374496,59.2015749821998,0.06435498024911765,0.05974282457294498
0.03249740700084658,0.02707849900070869,0.0004332389999035513,3.264800034230575e-05,0.005074298000181443,1,-24.810206830863063,1.4581503731831458,19.984923817993618,55.31324533987663,0.06478157588145879,0.0450041422435373
0.032685145999494125,0.026830018001419376,0.00043555399861361366,3.1907999073155224e-05,0.005081761000838014,1,-23.353142401087297,3.124055095680357,36.88450066930132,52.37216367222993,0.06604432879778989,0.022480533746704244
0.03244501799963473,0.02699153699904855,0.0004424799990374595,3.211099829059094e-05,0.005020556000090437,1,-21.38334421182222,4.457298288448144,53.05404366451669,44.578020125010134,0.06107052751632114,-0.0006244186590483661
0.03256094300013501,0.026693055999203352,0.00043836800068675075,3.379600093467161e-05,0.004832501999771921,1,-18.867125000386316,5.568475594058301,69.52584665768505,37.347717192882484,0.056117373016128146,-0.0255371938224105
0.032071352001366904,0.027353052999387728,0.0004412950002006255,3.255499905208126e-05,0.0048480579989700345,1,-15.801066782129901,6.202890486718292,86.72557340849362,25.298438570710623,0.04457608674192108,-0.05273525043759225
0.032875997998417006,0.029369010000664275,0.00044055400030629244,3.338799979246687e-05,0.004864798000198789,1,-12.640986872033167,6.258145276832848,89.69213430514758,8.06188376839507,0.025765064392683265,-0.06453068318117278
0.034778547000314575,0.026833981000891072,0.0004380170012154849,3.353700049046893e-05,0.004817797998839524,1,-10.102866083460324,5.817906729934602,81.76790799260888,-6.679723906288393,0.008360651873906196,-0.06266696036652691
0.03219803700085322,0.029616268000609125,0.0004412020007293904,3.198100057488773e-05,0.005004390000976855,1,-7.603797284136636,5.053742562571517,74.8048249432659,-17.807499476831765,-0.005943144505571846,-0.061755054770423576
0.03516113700061396,0.02713475799828302,0.0004434990005393047,3.209300120943226e-05,0.004985038000086206,1,-5.175783553775715,3.729325055358556,74.51813683373594,-33.39995888255795,-0.02667077712134564,-0.0679953349219151
0.03266933199847699,0.026830963000975316,0.00044216500100446865,3.359199945407454e-05,0.004882835000898922,1,-2.3583252090523685,2.0142625764938527,82.47310086254762,-46.460166597626795,-0.045667674300856075,-0.084352932884361
0.03226200000062818,0.028558883001096547,0.0005054800003563287,3.5147999369655736e-05,0.004864149999775691,1,0.5287144175393482,0.1030966637553713,84.65587149473967,-53.653140236689886,-0.05874009326821938,-0.09454898757156989
0.03403567900022608,0.027555183000004035,0.0004406279986142181,3.222199848096352e-05,0.004821853999601444,1,3.133792761513197,-1.8887959231225517,81.00269100229939,-58.48876007314494,-0.06943738507289032,-0.09756420055861496
0.032919663999564364,0.028144161999080097,0.00043486899994604755,3.2222000299952924e-05,0.004808112998944125,1,5.233903687146633,-4.1265324016417875,67.29606541129668,-63.6820231749687,-0.0811918629768984,-0.08815721190772226
0.033492939999632654,0.02838904999953229,0.00044244299897400197,3.292600013082847e-05,0.004906780000965227,1,6.573822348905999,-6.5062919570035,48.14652918512076,-68.83673331883129,-0.09328739493462387,-0.07071050244567904
0.03384206800001266,0.026948665999952937,0.0004404980008985149,3.479599945421796e-05,0.004881315999227809,1,6.9515837006729315,-9.015448711975592,23.19907601348474,-74.51335286584182,-0.1063063996747601,-0.04428825960665013
0.03237564800110704,0.028902973999720416,0.00044031300058122724,3.23330004903255e-05,0.004878149000433041,1,6.628744208709068,-11.390926786655912,-0.14687795817386018,-70.8967586089813,-0.1087419367938504,-0.017736043609523237
0.03432180699928722,0.02777933099969232,0.0004547579992504325,3.144499896734487e-05,0.004887280001639738,1,5.836856622265408,-13.405288868480381,-16.629078650106493,-63.56999592731319,-0.10612127546494154,0.0025324736350005386
0.033224904000235256,0.026895351998973638,0.0004363690004538512,3.3185000575031154e-05,0.004778409000209649,1,5.102453157627094,-15.094806376586165,-20.778781433565793,-55.941681225867214,-0.10229182656523658,0.00908003605132922
0.03221407399905729,0.02777118099947984,0.00043631399967125617,3.274099981354084e-05,0.0047705569995741826,1,4.035408461351851,-16.622368684180753,-28.660541938341836,-48.95046548266561,-0.09872590747822022,0.020630993286526025
0.03308571900015522,0.028792827000870602,0.0004994610007997835,3.579599979275372e-05,0.0047744090006744955,1,2.3200484621663295,-18.003230388736682,-44.19371782833986,-43.075249382938765,-0.09599149637082169,0.04234895876332476
0.03417441900091944,0.02920867700049712,0.00044318400068732444,3.348099926370196e-05,0.005012686000554822,1,0.1741623412368507,-19.141609320843433,-56.957520948284355,-35.628625978668715,-0.09087383374281285,0.062183034721773306
0.03477030599970021,0.026872574000663008,0.000450313000328606,3.351799932715949e-05,0.004978946000846918,1,-1.996947657817573,-20.084905846914967,-63.89565765766119,-31.25875306169283,-0.08861387415453253,0.07567698209953476
0.03240590700079338,0.027293886998450034,0.0004948139994667144,3.511100112518761e-05,0.004786538998814649,1,-4.392881091816296,-20.70702170561272,-69.82113871262172,-22.619242697423537,-0.08079012557232024,0.08866403153178788
0.03270601699841791,0.030537005000951467,0.00044235099994693883,3.320299947517924e-05,0.005224927001108881,1,-6.617097878172345,-21.21573000777917,-67.2378934339717,-17.34591724902866,-0.0763629799949353,0.09182784704843422
0.03630504100146936,0.026905241000349633,0.00045859099918743595,3.3926000469364226e-05,0.004997334999643499,1,-8.521829664448742,-21.50834294709892,-58.35695707573796,-10.906039946285125,-0.07006916989808072,0.08720159287732338
0.03246435099936207,0.02659768599914969,0.00044205399899510667,3.2796000596135855e-05,0.004943076000927249,1,-10.16035950256124,-21.417824558771905,-52.90879591067546,-1.5619003640278333,-0.059546216709114766,0.08563264615865836
0.032092093000755995,0.027308053999149706,0.0004427580006449716,3.2777999876998365e-05,0.004807298999367049,1,-12.00085636581114,-21.112543001813147,-55.51025478163285,5.91762974343185,-0.050494473387120466,0.09346359244748623
0.03266360999987228,0.027766126999267726,0.00044790500032831915,3.2869998904061504e-05,0.004779576000146335,1,-13.857682863617045,-20.76583554379877,-55.66879992629694,9.053829656301689,-0.04610854334632482,0.09865142365069265
0.033099551999839605,0.02717455499987409,0.0004468320003070403,3.429600110393949e-05,0.004855371998928604,1,-15.358317167359951,-20.234195019231297,-49.08496474347275,14.02231879326899,-0.03920777587932862,0.09546091756969191
0.03258251700026449,0.029155770000215853,0.0004363510015537031,3.1998999475035816e-05,0.004803538999112789,1,-16.097203933255628,-19.418430579549455,-29.35134303363202,21.02940487136622,-0.029297417206280686,0.07574892795678542
0.034500992000175756,0.029040139999779058,0.0004954609994456405,3.242599996156059e-05,0.0049140940009237966,1,-15.890648144122668,-18.420035904996283,-4.007992045962162,26.814058422040453,-0.020238632679245465,0.04731354123968959
0.03455284399933589,0.026996426000550855,0.0004444800015335204,3.2944999475148506e-05,0.004950260999976308,1,-15.118709446647708,-17.29663148776709,14.932694868010511,32.02182240351407,-0.011476900373105663,0.02439455115113725
0.032491369000126724,0.02701103699837404,0.00043962800009467173,3.409300006751437e-05,0.004867130999627989,1,-14.046460907864367,-15.92573853145134,27.302426831999163,39.036468568758956,-5.937860928376809e-05,0.007892774936034706
0.032425759000034304,0.027254757998889545,0.0004433510002854746,3.268499858677387e-05,0.004799983998964308,1,-12.83607187507074,-14.471519035776147,33.79372805944177,42.51746214699517,0.007696106965099092,-0.0025157068026949517
0.03260529500039411,0.029051232999336207,0.0005058869992353721,3.2223000744124874e-05,0.004910927000310039,1,-11.63594611535838,-12.698355019195658,34.91569029276265,49.43768155561108,0.02009589115934391,-0.0069902048105712905
0.03457263999916904,0.026808999999047955,0.00044985000022279564,3.3648000680841506e-05,0.008229601000493858,1,-10.284409278997847,-10.6369152801958,39.28417675668587,58.723805504609054,0.0358765147985413,-0.015444689379060277
0.0355880810002418,0.026909574000455905,0.0005114060004416388,3.4851998861995526e-05,0.005088686000817688,1,-8.616266225985425,-8.214254372225005,44.993041873920156,65.77916311264093,0.05017859261889751,-0.02622842725115153
0.03261409100014134,0.026951648000249406,0.00044505400001071393,3.2796000596135855e-05,0.005088722999062156,1,-6.605647615004471,-6.138072135965082,56.34939031407422,64.27584859451684,0.05413063868686282,-0.044149080784969576
0.03259251700001187,0.027101017998575117,0.00043873899994650856,3.199999991920777e-05,0.004798113001015736,1,-4.230172939808643,-4.482960103817966,67.7310753206661,55.11020255564675,0.04851723053090292,-0.06308271591524937
0.032440388000395615,0.03470108400142635,0.0006331090007734019,4.67589998152107e-05,0.0055496479999419535,1,-1.7167029011515922,-2.961703216028323,70.43812033861113,46.385150594037526,0.04302706697016481,-0.07284683453936296
0.04104309899958025,0.03308536800068396,0.0005397200002335012,4.025999987788964e-05,0.005305111999405199,1,0.6439239435095417,-1.6952562067082928,63.26178871713975,35.71831594654756,0.03471295578308993,-0.0713265622363295
0.039055236000422155,0.032016185999964364,0.00043051700049545616,3.157399987685494e-05,0.0047995759996410925,1,2.630897148313288,-0.7396562232144857,53.23812054926141,26.64853609640928,0.0273163179033711,-0.06566535490463343
0.037472443998922245,0.027784367999629467,0.0004857019994233269,3.151900091324933e-05,0.004790335000507184,1,3.830205462345229,0.16215786285558023,37.05321116315838,24.763085499536555,0.027677220279200276,-0.05110008702780634
0.03315707100045984,0.02763555300043663,0.0004275720002624439,3.216699951735791e-05,0.00479353899936541,1,4.719885867059705,1.0903987764441732,29.823683936010003,26.905559284399843,0.0325401919092391,-0.04554974417067221
0.032953645999441505,0.028215976999490522,0.00043492399890965316,3.275900053267833e-05,0.004789668000739766,1,5.624246440329477,1.8568794288587913,28.15068952013638,24.360893852981583,0.03181055769619848,-0.046151223861039606
0.03354836499966041,0.02861853099966538,0.0004320540010667173,3.199999991920777e-05,0.00481083500017121,1,6.576467453433438,2.232504943136205,28.395466106107303,15.179384991311997,0.02272508683691095,-0.04899147484098832
0.033984346000579535,0.028554271999382763,0.0004398500004754169,3.307399856566917e-05,0.0047776499995961785,1,7.339232959043033,2.247730833606261,24.205282349149407,4.7287954989132,0.011270548299541425,-0.04644173957348054
0.033878328000355395,0.028513364000900765,0.0004417569998622639,3.159200059599243e-05,0.004795224998815684,1,7.58825314927141,1.8453816972540475,12.232161855206474,-7.039988605813079,-0.0027614568838084585,-0.03394366154375993
0.03386434599997301,0.028292753999267006,0.0004291460008971626,3.1998999475035816e-05,0.0047724649994052015,1,7.228185709808995,1.1228451283296201,-3.9510791157946947,-17.170759438162136,-0.015856153535488377,-0.015169914389110126
0.03360738400078844,0.028549679000207107,0.0004951839982823003,3.3092001103796065e-05,0.004815391001102398,1,6.481043210267065,0.4478028119247774,-16.78199763547415,-19.14120402925481,-0.01984625683998339,0.0009613807313004867
0.03395901199837681,0.02846606899947801,0.00043540600017877296,3.242499951738864e-05,0.004816909999135532,1,5.671899669494968,-0.04527510839505772,-21.86116847779706,-15.94285816677095,-0.017659386776114703,0.008733156217940356
0.033823587000370026,0.02845951200106356,0.00048731300012150314,3.3443999200244434e-05,0.004822427001272445,1,4.690895785589667,-0.565764970803092,-26.89043779813734,-15.5338974570264,-0.01861485262389739,0.016914062956858975
0.03386918000069272,0.028684883000096306,0.00043686900062311906,3.312999979243614e-05,0.0055865550002636155,1,3.3481625944579467,-1.4375635332905201,-35.96466679191266,-22.786652913222063,-0.028946739744428674,0.030521094466067475
0.03481521299909218,0.02835021700047946,0.0005100540001876652,3.2982001357595436e-05,0.004779742999744485,1,1.8781364350068435,-2.567565138874744,-40.29257004746479,-29.667864950792257,-0.0395670773208333,0.03925085867769279
0.033753753999917535,0.028771919998689555,0.00043496199941728264,3.294400084996596e-05,0.004750242998852627,1,0.11911386266603574,-4.055553139502586,-48.756576594673774,-39.93198657030302,-0.05487517870399031,0.05331062682494286
0.0340633270006947,0.028096552001443342,0.0004383870000310708,3.4611000955919735e-05,0.004820575999474386,1,-2.08428839318056,-6.102179360700557,-59.957587892570956,-54.1620832278996,-0.07605417582458107,0.07158092534341558
0.033454402999268495,0.028198105999763357,0.00044027699914295226,3.262899917899631e-05,0.004798408999704407,1,-4.713241968823596,-8.287855797607625,-73.03249922553577,-62.01328777075208,-0.09059182720136788,0.09306150246391307
0.033538106001287815,0.02848104999975476,0.0004432759997143876,3.2776999432826415e-05,0.0048797420004120795,1,-7.361816151937698,-10.254858832860073,-77.10781731582402,-59.5717024014092,-0.09321699149027232,0.10469550265763822
0.03391145699970366,0.02806571800101665,0.0004330359988671262,3.262899917899631e-05,0.004839908999201725,1,-9.72909992712069,-12.199088008106536,-72.24588394269233,-58.228652885920155,-0.09698905579639983,0.10573904214018744
0.03344808899964846,0.02832438399855164,0.0004653690011764411,3.270299930591136e-05,0.004913983000733424,1,-11.960232476186794,-13.82099432798525,-68.00817939747009,-51.12311531151459,-0.09355211152822623,0.10710162502292145
0.03380512399962754,0.02804825499879371,0.0004902759992546635,3.331500010972377e-05,0.00493494600050326,1,-13.949208663544166,-15.000950802987957,-61.740709701770754,-39.81530909462097,-0.08429940717215056,0.10557764406351708
0.03357762500127137,0.028293717001361074,0.00043701700087694917,3.320299947517924e-05,0.004998761000024388,1,-15.761159240599,-16.04824869443382,-56.010676374614235,-33.584743647584546,-0.08027348948731432,0.10416687396169297
0.033832289998827036,0.028072902998246718,0.00044055400030629244,3.253700015193317e-05,0.005039575000409968,1,-17.102393063001657,-17.10300693841477,-44.56382540355179,-31.963017999540245,-0.08133743853321415,0.09519666921401145
0.03365610600121727,0.027954458999374765,0.00043803600055980496,3.2203999580815434e-05,0.005057594000390964,1,-18.29142911096108,-18.086495581300337,-38.16475863863239,-30.108608698892326,-0.08195300763829247,0.09136809310209054
0.03357638499983295,0.02820744000018749,0.00045327599946176633,3.2129000828717835e-05,0.004998057000193512,1,-19.055233117004086,-18.945874965368315,-27.27097874152865,-26.889245555546303,-0.08073203251759539,0.08144720603159256
0.03376893899985589,0.02813192100074957,0.0004492210009630071,3.437099985603709e-05,0.0050019650007016025,1,-19.254167807871617,-19.44201795059896,-12.191318209989314,-18.297901730010032,-0.07262114036962823,0.06539670311224162
0.033701345999361365,0.027984662001472316,0.00044201700075063854,3.455499972915277e-05,0.004913871998724062,1,-18.75169341161627,-19.7050547849685,6.912978906307599,-10.910906905264405,-0.0652056455152058,0.04302529541442557
0.03345981100028439,0.028634326999963378,0.00047855400043772534,3.251799898862373e-05,0.004974667999704252,1,-17.734512867994347,-19.81625001719141,23.344885171930628,-5.568201637289149,-0.05962889684743488,0.022203811054461047
0.03419147400018119,0.02805401400109986,0.00044129399975645356,3.309199928480666e-05,0.004963241999575985,1,-16.289285449415967,-19.691858835644975,36.89032223267064,1.0052992870609803,-0.052062189640474356,0.003401716257485407
0.033574013999896124,0.028138272999058245,0.0004866839990427252,3.699999979289714e-05,0.004969667999830563,1,-14.455994066631689,-19.397393168359812,49.29269926857689,6.459228913055189,-0.04526780975021079,-0.015190785215529017
0.033700124999086256,0.028106477000619634,0.0005025169994041789,3.888899846060667e-05,0.005030112000895315,1,-12.212674731617193,-18.96402545306286,61.45919169744856,10.97039961330133,-0.039135429148638254,-0.034630889091827
0.03374832800000149,0.0283200140002009,0.0004918689992337022,3.509199996187817e-05,0.004860020000705845,1,-9.87404777268593,-18.28896070371493,66.7253268828836,17.297113773108407,-0.03035336874961107,-0.04673793058491996
0.033773050001400406,0.028105829000196536,0.0004966460001014639,3.463000030023977e-05,0.0048112610002135625,1,-7.251900637126253,-17.547379779112642,74.60724826690964,20.634393200186338,-0.024680092883399164,-0.06248784137335972
0.033525642998938565,0.02832499499891128,0.00045083100121701136,3.377800021553412e-05,0.004821927999728359,1,-4.541690705883602,-16.597066323841855,78.92743755717078,26.031334313642944,-0.016177611329365772,-0.07455761640700213
0.033720069000992225,0.028257624000616488,0.0005082379993837094,3.2685000405763276e-05,0.0048158540012082085,1,-1.7245697251967511,-15.472614235633419,82.07233347993464,31.155086200603012,-0.007505463615546916,-0.08562322856989688
0.03368338399923232,0.02863869799875829,0.0004439799995452631,3.312999979243614e-05,0.004813298999579274,1,1.0957993622194127,-14.100062170208524,83.75622405782536,38.11745418218514,0.0038590317408406377,-0.09509050474160032
0.03402117900077428,0.028185940000184928,0.0004515350010478869,3.438800013100263e-05,0.00486931700106652,1,3.7127876331385954,-12.427339467875079,78.53946519806865,45.81057588285455,0.016837816907877293,-0.09641793832734974
0.033612790999541176,0.028246642999874894,0.00045247999878483824,3.4017999496427365e-05,0.004791465000380413,1,6.095058338329904,-10.373969659643096,73.26618441641912,56.62783170304608,0.03428089679231433,-0.0970494603715518
0.033600050999666564,0.028380993999235216,0.0004530909991444787,3.3259000701946206e-05,0.004963834000591305,1,8.329541914107631,-8.091490328672252,68.37454057087857,64.47016660402173,0.04907015937700883,-0.09770175779605704
0.034028938000119524,0.02778053300062311,0.00046572100109187886,3.3352000173181295e-05,0.004906705999019323,1,9.991980957632281,-5.8874358059904255,54.80931472759679,64.9955748988389,0.05559905571254864,-0.08726859478596363
0.03326364500026102,0.0277198670009966,0.0004518129990174202,3.4148000850109383e-05,0.004851002000577864,1,10.912100134063689,-3.877436460469837,36.09920984630061,62.0688277604411,0.05780663209321666,-0.06917180119290264
0.03314451500045834,0.027855958998770802,0.0004567949999909615,3.2481999369338155e-05,0.0049152049996337155,1,11.413285228002778,-1.9237656924258546,21.33536099284683,59.560647304890395,0.06032254466582963,-0.05428476720773902
0.033367422000083025,0.030232672999773058,0.0004546649997791974,3.4296999729122035e-05,0.005037167000409681,1,11.629878574179825,0.013256771397497112,11.005891449095571,58.6470049303998,0.06454749870621303,-0.043507152744290664
0.0358262099998683,0.028193086998726358,0.000462591000541579,3.205500070180278e-05,0.005134723000082886,1,11.487187648642559,1.9917516645785787,-0.14499474050503558,56.241509623480894,0.06724339008019115,-0.030855912436779372
0.033898252999279066,0.02791523700034304,0.0004476650010474259,3.312899934826419e-05,0.005066519001047709,1,11.046398145403098,3.8061390054901643,-9.251683557575499,54.35825581285346,0.07007065670896225,-0.019648423079255316
0.03353716200035706,0.028132847000961192,0.0004449619991646614,3.242499951738864e-05,0.00515942600031849,1,10.44589148248519,5.499609057961759,-15.30986981804279,51.56450905483986,0.0715699044168206,-0.011363050202862945
0.033836549999250565,0.027733496999644558,0.0004570359997160267,3.262999962316826e-05,0.005056168000010075,1,9.613415560221606,7.055088467066798,-21.90827473913231,47.67333705601513,0.07148940962269701,-0.0018571197995527929
0.033346866999636404,0.027802181999504683,0.00044783199882658664,3.372200080775656e-05,0.0050412229993526125,1,8.295456860849985,8.45773840799603,-34.155211193899156,43.64318052465344,0.07084339227870806,0.01517299878899411
0.03339175500150304,0.027768793999712216,0.0005161469998711254,3.8702999518136494e-05,0.005052889999205945,1,6.392289456955773,9.61077738481451,-50.21330454563398,37.367769928402026,0.06705364586024141,0.03797545346641679
0.033444124999732594,0.027753997001127573,0.00046112800009723287,3.955500142183155e-05,0.005029260999435792,1,4.103506464127058,10.26098177116856,-62.95972222304417,24.79671823120047,0.054981040836475634,0.058176226992205524
0.03335162599978503,0.027763330001107533,0.00044309099939709995,3.3350999729009345e-05,0.005085908000182826,1,1.2173351672558537,10.421612482321505,-79.40576082732191,10.826067755330294,0.04004702823313139,0.0840595319584633
0.033394365998901776,0.027723273999072262,0.0005160910004633479,4.246299977239687e-05,0.005630387999190134,1,-2.2662124328057907,10.458246687791567,-96.94981212421425,4.034383870177736,0.03267508831423274,0.11276356690521132
0.03398427200045262,0.027871348998814938,0.0004904060006083455,3.96289997297572e-05,0.004969278999851667,1,-6.240317746619096,10.197345863533178,-111.11677046149511,-4.291012761617933,0.02281271979375985,0.13907730542351618
0.03343697700074699,0.027733368000554037,0.00045246199988469016,3.575899972929619e-05,0.005185963000258198,1,-10.26733000518668,9.643070920986684,-117.59150660427427,-12.889823432135552,0.01185748571131494,0.13962634015954636
0.03348799500054156,0.028236328000275535,0.0005190539995965082,3.620300049078651e-05,0.004958667999744648,1,-14.369596138452874,8.91058493584742,-121.10105468501449,-19.197121682489563,0.002941745476049515,0.13962634015954636
0.03385756899842818,0.02844938300040667,0.000540813000043272,3.925900091417134e-05,0.004867093999564531,1,-18.70149851735769,7.825829454494945,-125.2774792841005,-28.180094511663707,-0.009868364435693725,0.13962634015954636
0.03399254900068627,0.028433290999601013,0.0004491660001804121,3.196299985575024e-05,0.004809149999346118,1,-23.06092460352589,6.539249554303374,-128.04204444230152,-35.20195185803461,-0.021066173247218968,0.13962634015954636
0.033823587000370026,0.028969585000595544,0.0004894800003967248,3.407399890420493e-05,0.004800761000296916,1,-26.67827868252406,5.216004881851322,-112.42233896141727,-37.778408907749906,-0.027473036617526335,0.13962634015954636
0.03437388199927227,0.028562642999531818,0.00043486899994604755,3.222199848096352e-05,0.004759278999699745,1,-29.325863888943193,3.8130024218377514,-87.56580278114015,-40.15022602619322,-0.03387014208985061,0.13962634015954636
0.033884382999531226,0.028544308999698842,0.00043807200017909054,3.25740002153907e-05,0.004819613001018297,1,-31.35526326294784,2.396389995295123,-67.9491850340434,-41.31825792822752,-0.03897983073375344,0.13962634015954636
0.033912624001459335,0.02865202999964822,0.0004357210000307532,3.357400055392645e-05,0.004743501998746069,1,-32.74746344072331,1.200242713716026,-48.94495115570018,-37.07228905336139,-0.03753886263166426,0.13962634015954636
0.0339686419993086,0.028479104999860283,0.0004362939998827642,3.283300065959338e-05,0.00480320600036066,1,-33.56725945646189,0.2029283700288722,-31.293689871723412,-31.57032970398442,-0.03417945607530491,0.12505465939134286
0.03381695700045384,0.028501956998297828,0.0004372389994387049,3.301799915789161e-05,0.004758502000186127,1,-33.94156230898958,-0.7372371892924297,-17.0161515660961,-28.93265702012941,-0.03381646313323191,0.11035998495697759
0.033803643000283046,0.0287694750004448,0.0004370719998405548,3.2630001442157663e-05,0.004807039000297664,1,-34.13331755576071,-1.9046817935339286,-8.975799524608401,-32.85771392155205,-0.04128612615624887,0.10203333687762317
0.03411097499883908,0.02856706800048414,0.0004369059988675872,3.2925998311839066e-05,0.004770113000631682,1,-34.22309710944406,-3.2842001297176466,-4.458716485023337,-38.28417975290247,-0.05097993807843036,0.09730695032902464
0.03388016099961533,0.02875078999932157,0.00044005400013702456,3.3166999855893664e-05,0.0048014089989010245,1,-33.88379621861678,-4.828231962586256,5.797365096248545,-43.402943331830485,-0.06077946396399643,0.08510914818439191
0.03409082600046531,0.0288181039995834,0.00044446100037021097,3.227700108254794e-05,0.004774631999680423,1,-33.07789766623475,-6.301119045927615,18.518715641723183,-43.32292105934668,-0.06466823458928592,0.06893973649293832
0.03414186400004837,0.02843195800051035,0.00043936899965046905,3.314800051157363e-05,0.004842169000767171,1,-32.03636452245313,-7.720365742749857,26.965765971987484,-41.8445456026816,-0.06687398766837438,0.05683584164143721
0.03381182799967064,0.028356402001008973,0.00043492400072864257,3.444499998295214e-05,0.004750428000988904,1,-30.76737331155459,-8.890093785691507,34.552027518117754,-36.89219959308832,-0.06458467277376423,0.045064677671267865
0.03365064300123777,0.028693807998934062,0.0004401099995448021,3.3072999940486625e-05,0.004793965001226752,1,-28.907680804632736,-9.875937601629012,49.14927573135568,-31.554777958686785,-0.06137528727895379,0.02398653486801714
0.0340254200000345,0.028676937999989605,0.00043153600017831195,3.20189992635278e-05,0.004739168998639798,1,-26.309452331977365,-10.81894997913167,68.41693879630645,-28.76959117337104,-0.06085771523436366,-0.004223111379598216
0.033953493999433704,0.029323787999601336,0.00043268300032650586,3.3055999665521085e-05,0.005017538000174682,1,-22.541496627417384,-11.55174914238061,98.54989491614273,-23.640217369746544,-0.05719396179114884,-0.047542843513730074
0.034908231000372325,0.03000082300059148,0.0004394610004965216,3.35000004270114e-05,0.004842743001063354,1,-17.80289450839656,-12.007239406649088,122.35675415395808,-15.211429827982455,-0.04915211920873324,-0.08652461439668317
0.03538115599985758,0.02862073399955989,0.0004356839999672957,3.201900108251721e-05,0.004823242999918875,1,-12.507945780647582,-12.365315541855097,146.23352155462868,-11.912138553757364,-0.046489704372141866,-0.12708542010234308
0.03398536399981822,0.02835427199897822,0.00043610899956547655,3.253700015193317e-05,0.004860650000409805,1,-6.693756086167198,-12.638166004192065,164.33575493329352,-9.18948497940877,-0.04423148168866822,-0.13962634015954636
0.033774327999708476,0.028416698000000906,0.00043153499973414,3.3332999009871855e-05,0.004868112999247387,1,-0.5789872731598408,-12.679398163609946,175.65676810657044,-3.535776740394664,-0.038123729456180984,-0.13962634015954636
0.0339429569994536,0.028134865999163594,0.0004791470000782283,3.509199996187817e-05,0.004760797999551869,1,5.435470185858774,-12.42922479093614,177.39280982001463,4.194359008521116,-0.02894511202615435,-0.13962634015954636
0.03350542100088205,0.02887719699901936,0.00043134999941685237,3.1944000511430204e-05,0.0049695199995767325,1,11.13465674614176,-11.881623077798695,172.16390091357482,12.712758585200287,-0.01809634786633616,-0.13962634015954636
0.03440651100027026,0.028020735999234603,0.00043342400022083893,3.2685000405763276e-05,0.0047892420006974135,1,16.530483334276894,-10.820670219405581,161.3054521768899,25.74940696282991,-0.0008914619332821699,-0.13962634015954636
0.033369607999702566,0.02827088400044886,0.000496738999572699,3.416599975025747e-05,0.004776427998876898,1,21.432469467641774,-9.51194977694827,150.56391650893522,35.045322121388395,0.012867589935766904,-0.13962634015954636
0.033657568999842624,0.0279150699989259,0.00043746200026362203,3.359200127306394e-05,0.004780261999258073,1,25.601406313727892,-7.955070799982682,132.31563907884384,43.07819574345528,0.025907324157847567,-0.13962634015954636
0.03326923699933104,0.028437568000299507,0.0004400910002004821,4.703699960373342e-05,0.004829631001484813,1,28.465851705247292,-5.922261275065823,100.15298169498763,55.66161419670558,0.045237670173698424,-0.13962634015954636
0.03384917900075379,0.02771940400089079,0.0004894800003967248,3.359299989824649e-05,0.004795150000063586,1,30.28679343877561,-3.6213753013355103,67.10628358753627,64.25439337427173,0.06090211939809303,-0.13962634015954636
0.033121070999186486,0.02797653299967351,0.0004359800004749559,3.377800021553412e-05,0.004822539000088,1,31.414079122405493,-1.3117394483436022,43.93819403736221,67.84247802879929,0.0710850293211515,-0.13315002707159326
0.03334160700069333,0.02810216199941351,0.0004381830003694631,4.8833000619197264e-05,0.004851501998928143,1,32.24978363749975,0.8634656069404796,30.881278824895492,66.22806888232421,0.07518223290929592,-0.12104382252863438
0.03351175500029058,0.028083717999834334,0.0004522580002230825,3.370299964444712e-05,0.004767483998875832,1,32.66651225007135,3.083565138537321,17.818362868103662,65.9783742640376,0.08090183756449212,-0.10779978223010667
0.03341036600068037,0.028265032000490464,0.0004530360001808731,3.348099926370196e-05,0.0048622049998812145,1,32.66133642274179,5.309311784020331,5.312313941045762,66.71549783779993,0.08772218943843482,-0.09402915367655318
0.03369490299883182,0.027956997000728734,0.0004406469997775275,3.220400139980484e-05,0.00485076099903381,1,32.347073923887734,7.88398843133918,-5.01836611154344,73.45948596950497,0.10209220333107126,-0.0818168968717991
0.0333440510003129,0.028146698999989894,0.00043846100015798584,3.340699913678691e-05,0.0047996510002121795,1,31.763991405545216,11.004274531684299,-13.698110807918658,87.16081541317592,0.12558843819004115,-0.07069485490626157
0.03349858900037361,0.027996976999929757,0.00043614700007310603,3.23329986713361e-05,0.0048454839998157695,1,30.916604569293128,14.090160676415701,-21.832956774784464,90.63782512993808,0.1377450414692543,-0.05945857988482854
0.033391883998774574,0.028186624998852494,0.0004869429994869279,3.3628999517532066e-05,0.00476826100020844,1,29.369537747807726,16.548288545245633,-39.04793351614236,79.02802493861476,0.13161120650463948,-0.03634502505132427
0.03354021800078044,0.027805255998828216,0.0004363509997347137,3.3072999940486625e-05,0.004761836000398034,1,27.476314283878754,18.53804712529671,-51.30554831844493,65.25951270474596,0.12183819121352168,-0.017749945416183216
0.03311070100062352,0.027976569999736967,0.0004356839999672957,3.2369998734793626e-05,0.004739780000818428,1,25.224045406046766,20.181160380130315,-62.659345484792865,54.105391956436165,0.11400506417843165,0.000820357436945876
0.03327192199867568,0.028175884001029772,0.0004915159988740925,3.3203001294168644e-05,0.004755927999212872,1,21.504244573038292,21.44207371269667,-97.1837914690231,43.00858410039041,0.10520304153471045,0.04884071026872203
0.03352092100067239,0.027963996000835323,0.00043644300058076624,3.331500010972377e-05,0.004771447000166518,1,16.37594086926729,22.4053151327322,-136.03520194061613,32.85337123224229,0.09663305921384346,0.10542368178765606
0.03327820000049542,0.02785660800145706,0.0004359619997558184,3.3760001315386035e-05,0.004773316000864725,1,10.822870747860208,23.191680601611534,-158.1686615784966,26.568475778585217,0.09184286098079489,0.13962634015954636
0.03319401599947014,0.028095865998693625,0.0004414989998622332,3.401800131541677e-05,0.004824982999707572,1,5.1627756767522675,23.75694861189114,-166.6066510991106,19.905499912232326,0.08603981115556164,0.13962634015954636
0.03348419900066801,0.027664033999826643,0.00043257300058030523,3.385200034244917e-05,0.004760558000270976,1,-0.4239133983650419,24.26754753595582,-166.33361227123612,16.58809588772373,0.08376928382357682,0.13962634015954636
0.03298538600029133,0.028022088001307566,0.0004374979998829076,3.355499939061701e-05,0.004766484000356286,1,-6.11020720693466,24.788932745060343,-169.7646312525233,15.972576733840993,0.08449995281888803,0.13962634015954636
0.03335995899942645,0.02789356999892334,0.0004391470010887133,3.290699896751903e-05,0.004837891001443495,1,-11.642900176199412,24.906113274731442,-168.20183030422243,7.3660951230709895,0.07534921047715298,0.13962634015954636
0.03329281100013759,0.027936367001530016,0.00044020200039085466,3.301799915789161e-05,0.00477403900003992,1,-17.23022385302185,24.974022877387448,-167.49500477195477,3.631226382058016,0.07142421078920992,0.13962634015954636
0.03327938499933225,0.028603474998817546,0.0007181080000009388,5.1462999181239866e-05,0.005360426001061569,1,-22.700785314692546,24.532250648911717,-166.07340147336555,-8.149787968660036,0.057272309986535604,0.13962634015954636
0.034823584001060226,0.027854551999553223,0.00045209100062493235,3.292600013082847e-05,0.004845113000556012,1,-27.562000746759256,23.68209303948029,-146.9556417208632,-19.97744809813483,0.041966458298648465,0.13962634015954636
0.03327312599867582,0.0277970520000963,0.0004452209996088641,3.353700049046893e-05,0.004855889999817009,1,-30.965239664513764,22.650321628609483,-115.89621498812757,-27.67336293666179,0.030715169166917636,0.13962634015954636
0.03322264500093297,0.02815549500155612,0.00046299800123961177,3.411100078665186e-05,0.004966242000591592,1,-33.56718111559256,21.488874120147422,-88.76005318577869,-32.50050763212155,0.022269401729064338,0.13962634015954636
0.03370517999974254,0.027822681999168708,0.00045507199865824077,3.216600089217536e-05,0.004919408998830477,1,-35.67640845770327,20.32461058398909,-70.99320896960893,-34.205804000735,0.017250064175962046,0.13962634015954636
0.03331351399901905,0.02807143999962136,0.0004483880002226215,3.3147998692584224e-05,0.0049384459998691455,1,-37.53934804804038,19.17740959290117,-59.774626797636785,-34.023431544627144,0.014353231201743304,0.13962634015954636
0.03358097700038343,0.02746703499906289,0.00045757199950458016,3.2963000194285996e-05,0.005627296000966453,1,-39.38169445558034,17.73593032505041,-56.90577299965324,-40.62407121079157,0.0032005335457653827,0.13962634015954636
0.03367149500081723,0.027975384999081143,0.00043633200039039366,3.292600013082847e-05,0.00502755700108537,1,-41.08700122832622,14.970194370968404,-52.16776226937611,-69.63108167461488,-0.036174665040461684,0.13962634015954636
0.033555607000380405,0.027498313000251073,0.0004431470006238669,3.351899977133144e-05,0.004979630999514484,1,-42.51465516311041,10.887953597716734,-45.57354555922858,-106.41133033559149,-0.08765498865531546,0.13962634015954636
0.033077385000069626,0.027364184001271497,0.0004569060001813341,3.290699896751903e-05,0.005076797999208793,1,-43.97396570359441,6.44490254290081,-44.618355851495934,-125.89735013015894,-0.12108584827734266,0.13962634015954636
0.033018071999322274,0.026863093000429217,0.0003988499993283767,4.21110016759485e-05,0.004971760999978869,1,-45.4470166727273,2.2884693870547914,-44.618355851495934,-125.89735013015894,-0.1323082177981269,0.13962634015954636
0.03238822099956451,0.026952721000270685,0.0003152030003548134,4.1073999454965815e-05,0.004886631000772468,1,-46.89690741344238,-1.8026137277471925,-44.618355851495934,-125.89735013015894,-0.13962634015954636,0.13962634015954636
0.0323973329996079,0.026713167000707472,0.0003181289994245162,3.8480999137391336e-05,0.004903204999209265,1,-48.33598904514058,-5.863197328245656,-44.618355851495934,-125.89735013015894,-0.13962634015954636,0.13962634015954636
0.03207279700109211,0.026743221998913214,0.00036929499947291333,4.035100027977023e-05,0.004904723999061389,1,-49.771892868263976,-9.914814267576219,-44.618355851495934,-125.89735013015894,-0.13962634015954636,0.13962634015954636
0.03215690799879667,0.026613852998707443,0.00031279499853553716,4.048099981446285e-05,0.004986149000615114,1,-51.19494410625192,-13.930165719754784,-44.618355851495934,-125.89735013015894,-0.13962634015954636,0.13962634015954636
0.03205829600119614,0.02694659199914895,0.000315905999741517,3.959199966629967e-05,0.004901797999991686,1,-52.63379684572984,-17.990103466692556,-44.618355851495934,-125.89735013015894,-0.13962634015954636,0.13962634015954636
0.0323034449993429,0.027515256999322446,0.00031505399965681136,4.113000068173278e-05,0.00494057600008091,1,-54.079957893480305,-22.070662696154475,-44.618355851495934,-125.89735013015894,-0.13962634015954636,0.13962634015954636
0.032910904999880586,0.027172313999471953,0.0003168139992340002,1.2518001312855631e-05,0.0,0,-55.53748332567779,-26.183288232418505,-44.618355851495934,-125.89735013015894,0.0,0.0
0.027576329999646987,0.027460237999548553,0.00031509200016444083,1.3203998605604284e-05,0.0,0,-56.774837785375894,-29.674668510217398,-44.618355851495934,-125.89735013015894,0.0,0.0
0.0278582010014361,0.027097906999188126,0.0003834430008282652,1.287099985347595e-05,0.0,0,-58.01605092978183,-33.17693664281131,-44.618355851495934,-125.89735013015894,0.0,0.0
0.027566033999391948,0.02665133399932529,0.0003287389990873635,1.2278000212972984e-05,0.0,0,-59.258524899704554,-36.68276238277357,-44.618355851495934,-125.89735013015894,0.0,0.0
0.02706570299960731,0.026676834000681993,0.0003243689989176346,1.2184998922748491e-05,0.0,0,-60.46202072009469,-40.07860545651067,-44.618355851495934,-125.89735013015894,0.0,0.0
0.027086370000688476,0.02649650099920109,0.00036733200067828875,1.5186000382527709e-05,0.0,0,-61.66891088186228,-43.48402617103491,-44.618355851495934,-125.89735013015894,0.0,0.0
0.026960666000377387,0.027203666000787052,0.00031144300010055304,1.2111000614822842e-05,0.0,0,-62.86997584964756,-46.87301023135326,-44.618355851495934,-125.89735013015894,0.0,0.0
0.027598330998444,0.02733279499989294,0.0003106840013060719,1.1778000043705106e-05,0.0,0,-64.0946851996027,-50.328710444784846,-44.618355851495934,-125.89735013015894,0.0,0.0
0.027731941001547966,0.026542092999079614,0.0003367770004842896,1.2684999092016369e-05,0.0,0,-65.33381529144144,-53.82510093367391,-44.618355851495934,-125.89735013015894,0.0,0.0
0.02697388899832731,0.03050159799931862,0.0003377209995960584,1.298099959967658e-05,0.0,0,-66.73626784087982,-57.78233011184537,-44.618355851495934,-125.89735013015894,0.0,0.0
0.030935578000935493,0.03104387500025041,0.00039486899913754314,1.3129998478689231e-05,0.0,0,-68.14396550100221,-61.7543591526217,-44.618355851495934,-125.89735013015894,0.0,0.0
0.03152716899967345,0.0332148480010801,0.0003603139994083904,1.3093000234221108e-05,0.0,0,-69.6453985632991,-65.99087662023364,-44.618355851495934,-125.89735013015894,0.0,0.0
0.03366279100009706,0.03165820499998517,0.00034820299879356753,1.3445000149658881e-05,0.0,0,-71.07993242438462,-70.0386280072135,-44.618355851495934,-125.89735013015894,0.0,0.0
0.03209216799950809,0.033310347998849466,0.00032031399859988596,1.2463000530260615e-05,0.0,0,-72.58408225368993,-74.28281123840533,-44.618355851495934,-125.89735013015894,0.0,0.0
0.03371593900010339,0.03288510899983521,0.00032096200084197335,1.2702999811153859e-05,0.0,0,-74.06492564020922,-78.46123186289142,-44.618355851495934,-125.89735013015894,0.0,0.0
0.03329779200066696,0.03737798299880524,0.0003230920010537375,1.261100078409072e-05,0.0,0,-75.63896825000838,-82.90262800543954,-44.618355851495934,-125.89735013015894,0.0,0.0
0.03778774000056728,0.030078802999923937,0.00044601700028579216,3.3092001103796065e-05,0.0049850010000227485,1,33.99708297078493,-32.21129419820063,168.50016053979505,-20.866163855704215,-0.10992327457641635,-0.13962634015954636
0.0356265069985966,0.02709844399942085,0.00045535099889093544,3.385199852345977e-05,0.004862093999690842,1,40.85420294747327,-31.52804502149915,205.76445462719036,16.903380328786227,-0.06653200319638286,-0.13962634015954636
0.032540814001549734,0.0272604620004131,0.00033483299921499565,4.218499998387415e-05,0.004950501999701373,1,47.774014847873445,-30.959588178124275,205.76445462719036,16.903380328786227,-0.0649971697192707,-0.13962634015954636
0.032676571998308646,0.026949684999635792,0.0003190910010744119,4.035200072394218e-05,0.004947741999785649,1,54.384098980216905,-30.416575215575826,205.76445462719036,16.903380328786227,-0.06353103472038989,-0.13962634015954636
0.032353370001146686,0.027350960999683593,0.0003286659994046204,4.177799928584136e-05,0.004926002000502194,1,61.21524944634205,-29.855401835939922,205.76445462719036,16.903380328786227,-0.06201586659537295,-0.13962634015954636
0.03273125799933041,0.02985569299926283,0.0003363129999343073,4.401800106279552e-05,0.005029907999414718,1,68.40770974350414,-29.264547151524667,205.76445462719036,16.903380328786227,-0.060420558947451755,-0.13962634015954636
0.03541145199960738,0.025676207998913014,0.0003163879991916474,4.1925999539671466e-05,0.0049131679988931865,1,74.88203933637023,-28.73268631248707,205.76445462719036,16.903380328786227,-0.05898453468205024,-0.13962634015954636
0.031030467000164208,0.028184124999825144,0.0003207400004612282,4.203700154903345e-05,0.005024612000852358,1,81.72889662626359,-28.17022263022629,205.76445462719036,16.903380328786227,-0.05746588273994614,-0.13962634015954636
0.033666606001133914,0.0290899729989178,0.0003350909992150264,4.248100049153436e-05,0.004972982000253978,1,88.80217012644722,-27.58915904293297,205.76445462719036,16.903380328786227,-0.05589701105425418,-0.13962634015954636
0.034539361999122775,0.026911240000117687,0.00032081399876915384,1.3704000593861565e-05,0.0,0,95.51518936749869,-27.03769004605717,205.76445462719036,16.903380328786227,0.0,0.0
0.02731844300069497,0.03242940599920985,0.0003408880002098158,1.316700036113616e-05,0.0,0,102.30024900724113,-26.480302989814327,205.76445462719036,16.903380328786227,0.0,0.0
0.032855182998901,0.034806305999154574,0.00033475800046289805,1.383299968438223e-05,0.0,0,109.48870821450853,-25.88977699163568,205.76445462719036,16.903380328786227,0.0,0.0
0.03523886000039056,0.030900190000465955,0.00031209199914883357,1.2296000932110474e-05,0.0,0,116.00441148364749,-25.354517339198036,205.76445462719036,16.903380328786227,0.0,0.0
0.031295707000026596,0.03409514200029662,0.0003304429992567748,1.231500027643051e-05,0.0,0,123.03732119930147,-24.776769603530546,205.76445462719036,16.903380328786227,0.0,0.0
0.0345102510000288,0.03345731099943805,0.0003336099998705322,1.4166998880682513e-05,0.0,0,130.00033581642518,-24.204763692590344,205.76445462719036,16.903380328786227,0.0,0.0
0.03388154999993276,0.032720868999604136,0.0003368500001670327,1.261100078409072e-05,0.0,0,136.84662519644112,-23.64234666365785,205.76445462719036,16.903380328786227,0.0,0.0
0.0331448859997181,0.03151072400032717,0.00037583199991786387,1.3647999367094599e-05,0.0,0,143.45609964888388,-23.099383785810662,205.76445462719036,16.903380328786227,0.0,0.0
0.03197883400025603,0.034170640999946045,0.0003220170001441147,1.2833999790018424e-05,0.0,0,150.4264341305955,-22.526776554028583,205.76445462719036,16.903380328786227,0.0,0.0
0.03457784400052333,0.033024403999661445,0.0003364809999766294,1.2371001503197476e-05,0.0,0,157.42923742003669,-21.951502036456695,205.76445462719036,16.903380328786227,0.0,0.0
0.03344851399924664,0.03143066899974656,0.0003146290000586305,1.2129999959142879e-05,0.0,0,163.99996354472245,-21.411722301793144,205.76445462719036,16.903380328786227,0.0,0.0
0.03183102000002691,0.03401278999990609,0.0003199990005668951,1.2425998647813685e-05,0.0,0,171.05646724141675,-20.832036340032538,205.76445462719036,16.903380328786227,0.0,0.0
0.03441952899993339,0.03315032999853429,0.0003251840007578721,1.3408000086201355e-05,0.0,0,177.94877152106676,-20.265839225026795,205.76445462719036,16.903380328786227,0.0,0.0
0.033709514000292984,0.03152124299958814,0.00032275900048261974,1.2185000741737895e-05,0.0,0,184.62794662472157,-19.717150496139222,205.76445462719036,16.903380328786227,0.0,0.0
0.03193000099963683,0.03386745700117899,0.0003231650007364806,1.2369999240036123e-05,0.0,0,191.60725469976472,-19.143806091062206,205.76445462719036,16.903380328786227,0.0,0.0
0.034277771001143265,0.03204135300074995,0.00032018399906519335,1.3128999853506684e-05,0.0,0,198.3385565242976,-18.590835195024383,205.76445462719036,16.903380328786227,0.0,0.0
0.03245449899986852,0.03263227599927632,0.0003177029993821634,1.2648000847548246e-05,0.0,0,205.10645767214433,-18.034857694746425,205.76445462719036,16.903380328786227,0.0,0.0
0.03304071899947303,0.03287829400142073,0.0003142770001431927,1.2907999916933477e-05,0.0,0,211.95804733874328,-17.472005251640347,205.76445462719036,16.903380328786227,0.0,0.0
0.03328458900068654,0.03411534499900881,0.0003115170002274681,1.2036998668918386e-05,0.0,0,219.04804866578857,-16.889567487159674,205.76445462719036,16.903380328786227,0.0,0.0
0.03451169599975401,0.033821105998868006,0.0003346470002725255,1.3851999028702267e-05,0.0,0,226.10546328210225,-16.309806694103237,205.76445462719036,16.903380328786227,0.0,0.0
0.034244510999997146,0.03288540500034287,0.0003374070001882501,1.4297000234364532e-05,0.0,0,232.53763791137015,-15.781408850575419,205.76445462719036,16.903380328786227,0.0,0.0
0.03331234899997071,0.03073407899864833,0.00031955399936123285,1.2647999028558843e-05,0.0,0,239.40033515500383,-15.217643929172302,205.76445462719036,16.903380328786227,0.0,0.0
0.031137984999077162,0.033002127000145265,0.00031186900014290586,1.2963000699528493e-05,0.0,0,246.24580538668664,-14.655294192600122,205.76445462719036,16.903380328786227,0.0,0.0
0.03339879200029827,0.03395855000053416,0.0003174979992763838,1.3408000086201355e-05,0.0,0,253.3094345010249,-14.075022883653794,205.76445462719036,16.903380328786227,0.0,0.0
0.03436301100009587,0.034419937001075596,0.0004595359987433767,1.4741000995854847e-05,0.0,0,260.0912514990529,-13.51790220775477,205.76445462719036,16.903380328786227,0.0,0.0
0.03496710200124653,0.03106920700156479,0.00032312800067302305,1.3148001016816124e-05,0.0,0,266.9964730535984,-12.950643949264526,205.76445462719036,16.903380328786227,0.0,0.0
0.031479501998546766,0.03348007000022335,0.000330814000335522,1.2406999303493649e-05,0.0,0,273.93342431028304,-12.380779121899451,205.76445462719036,16.903380328786227,0.0,0.0
0.03390447600031621,0.03161789099976886,0.0003145360005873954,1.2371001503197476e-05,0.0,0,280.5709207944124,-11.83551425724875,205.76445462719036,16.903380328786227,0.0,0.0
0.03201840800102218,0.03492036100033147,0.00033620300018810667,1.3332999515114352e-05,0.0,0,287.7893111165599,-11.242529442655973,205.76445462719036,16.903380328786227,0.0,0.0
0.03534326699991652,0.03190066800016211,0.0003224619995307876,1.2500000593718141e-05,0.0,0,294.4609603852466,-10.694458954907219,205.76445462719036,16.903380328786227,0.0,0.0
0.03231712900014827,0.03247551800086512,0.0003219440004613716,1.2592001439770684e-05,0.0,0,301.18790308940294,-10.141846157014953,205.76445462719036,16.903380328786227,0.0,0.0
0.032882554000025266,0.03214664900042408,0.0003093510003964184,1.1796999388025142e-05,0.0,0,307.97245593150683,-9.584500733780347,205.76445462719036,16.903380328786227,0.0,0.0
0.03253849899920169,0.03292912699907902,0.00036874000034003984,1.3111000953358598e-05,0.0,0,314.8032292315389,-9.023358338028078,205.76445462719036,16.903380328786227,0.0,0.0
0.03338247700048669,0.03281151699957263,0.00031431400020665023,1.3351998859434389e-05,0.0,0,321.66405936860684,-8.459746797890217,205.76445462719036,16.903380328786227,0.0,0.0
0.03320936700038146,0.03294238700073038,0.0003170179988956079,1.2684999092016369e-05,0.0,0,328.50193524601497,-7.89802093126141,205.76445462719036,16.903380328786227,0.0,0.0
0.03335047799919266,0.03289931200015417,0.0003714240010594949,1.2387999959173612e-05,0.0,0,335.37244762918755,-7.333614002587468,205.76445462719036,16.903380328786227,0.0,0.0
0.033354643999700784,0.033982345999902464,0.0003223690000595525,1.5129999155760743e-05,0.0,0,342.4137630286699,-6.755175746922577,205.76445462719036,16.903380328786227,0.0,0.0
0.034393936999549624,0.032146351999472245,0.00032105499849421903,1.2350999895716086e-05,0.0,0,349.18415618995317,-6.198993529795065,205.76445462719036,16.903380328786227,0.0,0.0
0.0325536660002399,0.03270968400101992,0.0003939990001526894,1.3685001249541529e-05,0.0,0,355.9557075991732,-5.642716163554331,205.76445462719036,16.903380328786227,0.0,0.0
0.03318940400095016,0.033018349000485614,0.00031803599995328113,1.2684999092016369e-05,0.0,0,362.86726608170255,-5.074937331653962,205.76445462719036,16.903380328786227,0.0,0.0
0.03342784699998447,0.0327072580003005,0.0003148320010950556,1.325999983237125e-05,0.0,0,369.64492190509884,-4.518158492820731,205.76445462719036,16.903380328786227,0.0,0.0
0.03310744199916371,0.032821553000758286,0.0003696650001074886,1.327800055150874e-05,0.0,0,376.51587647636734,-3.9537152387592185,205.76445462719036,16.903380328786227,0.0,0.0
0.03327608899962797,0.03311912699973618,0.0003395730000192998,1.546299972687848e-05,0.0,0,383.3659381363785,-3.3909883201347406,205.76445462719036,16.903380328786227,0.0,0.0
0.033550903001014376,0.03374242100107949,0.00031872100043983664,1.2665999747696333e-05,0.0,0,390.43695213693326,-2.810110348873346,205.76445462719036,16.903380328786227,0.0,0.0
0.03414573400004883,0.03226237000126275,0.000320443999953568,1.1796000762842596e-05,0.0,0,397.1507983450973,-2.258573417330945,205.76445462719036,16.903380328786227,0.0,0.0
0.03267446099926019,0.03359699500106217,0.0003187950005667517,1.2333999620750546e-05,0.0,0,404.13794830971125,-1.6845848074900323,205.76445462719036,16.903380328786227,0.0,0.0
0.034008661001280416,0.03236005500002648,0.0003179989998898236,1.2759001037920825e-05,0.0,0,410.87427222685795,-1.1312013506838698,205.76445462719036,16.903380328786227,0.0,0.0
0.03276414599895361,0.03242388800026674,0.00037320199953683186,1.3351000234251842e-05,0.0,0,417.66305085351047,-0.5735087827320571,205.76445462719036,16.903380328786227,0.0,0.0
0.03288249800061749,0.033035645001291414,0.0003173320001224056,1.2204000086057931e-05,0.0,0,424.5030187383684,-0.011611059415762983,205.76445462719036,16.903380328786227,0.0,0.0
0.03344508800000767,0.03253811000104179,0.0003143320009257877,1.2684999092016369e-05,0.0,0,431.3496130616369,0.5508310203535537,205.76445462719036,16.903380328786227,0.0,0.0
0.03294331199867884,0.035327155999766546,0.0003342580002936302,1.3591999959317036e-05,0.0,0,438.25401937723893,1.1180223076366256,205.76445462719036,16.903380328786227,0.0,0.0
0.03574691400172014,0.030799874999502208,0.00032333300077880267,1.3037000826443546e-05,0.0,0,445.1115570771853,1.6813633767790201,205.76445462719036,16.903380328786227,0.0,0.0
0.031209799999487586,0.03376601300078619,0.0003236840002500685,1.3037000826443546e-05,0.0,0,451.9218454969563,2.240822956504244,205.76445462719036,16.903380328786227,0.0,0.0
0.034176900999227655,0.03245853599946713,0.0003172590004396625,1.288900057261344e-05,0.0,0,458.878393965888,2.8122976787007463,205.76445462719036,16.903380328786227,0.0,0.0
0.032861626999874716,0.03252183299991884,0.00031807300001673866,1.327700010733679e-05,0.0,0,465.63804539977207,3.3675974717771995,205.76445462719036,16.903380328786227,0.0,0.0
0.032931200999883004,0.03285133099961968,0.0003171839998685755,1.259300006495323e-05,0.0,0,472.5077386346115,3.931937108090827,205.76445462719036,16.903380328786227,0.0,0.0
0.03325538600074651,0.032510831999388756,0.00031159099853539374,1.296299888053909e-05,0.0,0,479.3136868648841,4.491040144826531,205.76445462719036,16.903380328786227,0.0,0.0
0.03291260900005,0.033081978999689454,0.0003114989995083306,1.2202999641885981e-05,0.0,0,486.1714877373112,5.054402833371275,205.76445462719036,16.903380328786227,0.0,0.0
0.033476087999588344,0.03270492400042713,0.00031597999986843206,1.3056000170763582e-05,0.0,0,493.01146714485674,5.616301503266857,205.76445462719036,16.903380328786227,0.0,0.0
0.0331111260002217,0.033176756000102614,0.0003132579986413475,1.2444001185940579e-05,0.0,0,499.89719457527315,6.181958335529587,205.76445462719036,16.903380328786227,0.0,0.0
0.033792272999562556,0.03295477500068955,0.00031568399936077185,1.2741000318783335e-05,0.0,0,506.76019655592927,6.7457482908278905,205.76445462719036,16.903380328786227,0.0,0.0
0.033358218001012574,0.03275881300032779,0.0003372209994267905,1.298200004384853e-05,0.0,0,513.6148728951255,7.308854301543383,205.76445462719036,16.903380328786227,0.0,0.0
0.03318086699982814,0.03317695999976422,0.0004073130003234837,1.383299968438223e-05,0.0,0,520.5556840874717,7.879036219441177,205.76445462719036,16.903380328786227,0.0,0.0
0.03367851399889332,0.032504184999197605,0.0003119249995506834,1.2074000551365316e-05,0.0,0,527.3375124023314,8.436157825008602,205.76445462719036,16.903380328786227,0.0,0.0
0.03290540500165662,0.032933034000961925,0.00030560999948647805,1.2128999514970928e-05,0.0,0,534.1863890647481,8.998787397057532,205.76445462719036,16.903380328786227,0.0,0.0
