dt,dt_detection,dt_estimation,dt_control,dt_actuation
1.0180010576732457e-06,0.772325047000777,2.65179987763986e-05,1.9740000425372273e-05,0.0
0.7725710839986277,0.026405124999655527,2.2000000171829015e-05,1.9221999536966905e-05,0.0
0.026512995000302908,0.03315335899969796,2.2536998585565016e-05,1.898099981190171e-05,0.0
0.03326171099979547,0.03182104900042759,2.3630000214325264e-05,2.174099972762633e-05,0.0
0.03193706800084328,0.03309800699935295,2.3481001335312612e-05,1.8834000002243556e-05,0.0
0.033206988000529236,0.03348308000022371,2.198100082750898e-05,1.9704000806086697e-05,0.0
0.03358876599850191,0.03414867100036645,2.548100019339472e-05,1.7370000932714902e-05,0.0
0.03427524400103721,0.03227017800054455,2.8110998755437322e-05,2.1222000214038417e-05,0.0
0.03242367699931492,0.03318000699982804,2.005600072152447e-05,1.4370998542290181e-05,0.0
0.03328335900005186,0.032833212999321404,3.59820005542133e-05,1.4630000805482268e-05,0.0
0.03296021200003452,0.03336582100018859,1.927800076373387e-05,1.41119999170769e-05,0.0
0.033467433000623714,0.033040341000742046,2.224099989689421e-05,4.998199983674567e-05,0.0
0.03317952599900309,0.03338817399890104,1.8036998881143518e-05,1.3610999303637072e-05,0.0
0.03349261699986528,0.03387909699995362,4.257399996276945e-05,1.5110999811440706e-05,0.0
0.034005931000137934,0.034162559000833426,0.00027014700026484206,1.316700036113616e-05,0.0
0.03449896600068314,0.03216008500021417,0.0007002199999988079,1.1758998880395666e-05,0.0
0.032929340999544365,0.032680842999980086,0.00046283199844765477,1.1500000255182385e-05,0.0
0.03321184100059327,0.03311915599988424,0.0004646459983632667,1.2167000022600405e-05,0.0
0.03364678399884724,0.033040026000890066,0.0005130169993208256,4.896300015388988e-05,0.005146629999217112
0.038804857000286574,0.028379987999869627,0.00048085000162245706,4.26480000896845e-05,0.0050197969994769664
0.03397557900098036,0.026806272000612807,0.0005035170015617041,4.1647999751148745e-05,0.004878833999100607
0.03227901100035524,0.029499410000425996,0.0004654059994209092,4.781500138051342e-05,0.005031945000155247
0.035094110999125405,0.026556884000456193,0.00047703500058560167,3.3463000363553874e-05,0.0048617410011502216
0.03198406800038356,0.02738319499985664,0.0004488690010475693,3.357400055392645e-05,0.004783667998708552
0.03269932399962272,0.02968237200002477,0.0004514239990385249,3.4130000130971894e-05,0.004881166998529807
0.03510351899967645,0.02719813999829057,0.00047685000026831403,3.412999831198249e-05,0.005062722000729991
0.032824731000800966,0.02690254899971478,0.0005328499992174329,3.992600068158936e-05,0.004802148998351186
0.032324769999831915,0.03949341000043205,0.0004300719992897939,3.2611000278848223e-05,0.004746093998619472
0.044747706000634935,0.027667528000165476,0.0004234240004734602,3.1147999834502116e-05,0.0047174829996947665
0.03288637900004687,0.027491233000546345,0.00042707200009317603,3.2611000278848223e-05,0.004705074999947101
0.03270308399987698,0.027566676000787993,0.00043051700049545616,3.1740000849822536e-05,0.004723019999801181
0.03279900899906352,0.02757000900055573,0.00042675800068536773,3.0073999369051307e-05,0.004789648999576457
0.0328625269994518,0.02746225000009872,0.00042362800013506785,3.2388999898103066e-05,0.005245091999313445
0.033210285000677686,0.02727899299861747,0.0004968679986632196,3.4426000638632104e-05,0.004715224000392482
0.03257254699929035,0.027240826000706875,0.00046612799997092225,3.4204000257886946e-05,0.004722445000879816
0.03251064000141923,0.02729082599944377,0.000497479999467032,3.281399949628394e-05,0.004800018999958411
0.03266736099976697,0.026934122999591636,0.0004734800004371209,3.888899846060667e-05,0.004983278000509017
0.03247689899944817,0.0273139920009271,0.0005031640012020944,3.93150003219489e-05,0.005063591999714845
0.0329687310004374,0.027157751999766333,0.0005049060000601457,3.901799937011674e-05,0.0050379999993310776
0.03278771300028893,0.02713001099982648,0.00044016500032739714,3.31110004481161e-05,0.0051148700003977865
0.03276682300020184,0.027109826000014436,0.000438627999756136,3.207400004612282e-05,0.0050766859985742485
0.03270532499846013,0.026982011999280076,0.0004471279989957111,3.2611000278848223e-05,0.0050469069992686855
0.032557195001572836,0.027180270000826567,0.00044153499948151875,3.2703001124900766e-05,0.004954406998876948
0.03265832399847568,0.02732382500107633,0.00044079500003135763,3.25740002153907e-05,0.0050308150002820184
0.03287704600006691,0.02692160500009777,0.0004347020003478974,3.3074000384658575e-05,0.00493194500086247
0.032436251000035554,0.02677410499927646,0.0004968869998265291,3.287000072305091e-05,0.0047730940004839795
0.03212888200141606,0.02755502799845999,0.00043292400005157106,3.1259000024874695e-05,0.004810611999346293
0.032880582999496255,0.02917667099973187,0.0004319059989938978,3.187000038451515e-05,0.004922647998682805
0.034615186999872094,0.026910160999250365,0.0004930350005452055,3.3628999517532066e-05,0.004794464000951848
0.03228667800067342,0.028511431999504566,0.00043864600047527347,3.35000004270114e-05,0.0048331670004699845
0.03386857899931783,0.026926975000606035,0.0004362939998827642,3.2963000194285996e-05,0.004804629999853205
0.0322546589995909,0.029407595000520814,0.00043283100058033597,3.138899955956731e-05,0.004885888998614973
0.034807575999366236,0.02666651300023659,0.0004366829998616595,3.24079992424231e-05,0.0047950930002116365
0.031983604001652566,0.02816591499868082,0.00043870199988305103,3.416700019442942e-05,0.0047939830001269
0.03348730299876479,0.028372359000059078,0.00048192400026891846,3.449999894655775e-05,0.004758611999932327
0.033700673000566894,0.02846039600080985,0.0004369990001578117,3.214800017303787e-05,0.00490092700056266
0.03388043099948845,0.026929493000352522,0.0005012760011595674,3.9167000068118796e-05,0.004915704999802983
0.0324328990009235,0.037799286999870674,0.0004258499993738951,3.255599949625321e-05,0.004736315999252838
0.0430413789999875,0.02782115700028953,0.00042216499969072174,3.0611001420766115e-05,0.0046948899998824345
0.03302137799983029,0.02760560300157522,0.0004262950005795574,3.1351999496109784e-05,0.00478463099898363
0.03289450900047086,0.027333918000294943,0.0005051089992775815,3.72969989257399e-05,0.004837462998693809
0.03276011999878392,0.027434232000814518,0.0004772020001837518,3.396300053282175e-05,0.004747704999317648
0.032739176000177395,0.027446935999250854,0.00046042499889153987,4.65179982711561e-05,0.004791463999936241
0.03279317600026843,0.027265493001323193,0.00046201700024539605,3.568600004655309e-05,0.004917408001347212
0.03272937899964745,0.02729949199965631,0.0005386089997045929,3.746200127352495e-05,0.00496933300019009
0.03289312000015343,0.02750936200027354,0.0005831830003444338,4.0610000723972917e-05,0.005058462998931645
0.03324754499953997,0.02723621499899309,0.00043357200047466904,3.199999991920777e-05,0.005097036999359261
0.032846564001374645,0.027009919000192895,0.0004819980003958335,3.648100027930923e-05,0.004962740998962545
0.03253780599879974,0.02687841899933119,0.0004367019992059795,3.21850002364954e-05,0.005123554999954649
0.032516362000023946,0.026510883999435464,0.00044486799924925435,3.4018999940599315e-05,0.004823871000553481
0.03186617900064448,0.027023530999940704,0.00044059100036974996,3.177699909429066e-05,0.004892574999757926
0.03243732599912619,0.027180455999769038,0.00043979400106763933,3.23330004903255e-05,0.004911018999337102
0.03261545399982424,0.027196863000426674,0.00043864600047527347,3.287000072305091e-05,0.004805463999218773
0.032527899000342586,0.02995881599963468,0.00044088699905842077,3.1833000321057625e-05,0.0052517019994411385
0.035731146001126035,0.02690571600032854,0.00043555399861361366,3.300000025774352e-05,0.0050436849996913224
0.0324673619998066,0.02705238199996529,0.0004441090004547732,3.2092999390442856e-05,0.004892648999884841
0.032478028999321396,0.02694306700141169,0.00043896200077142566,3.248100074415561e-05,0.004778407999765477
0.032243882000329904,0.02767600900006073,0.00044557299952430185,3.348199970787391e-05,0.004806315999303479
0.033014488999469904,0.02837030299997423,0.0004329799994593486,3.2889000067370944e-05,0.004821630000151345
0.033868876000269665,0.02868071000011696,0.0004436649996932829,3.187000038451515e-05,0.0050160560003860155
0.03422428100020625,0.027018752000003587,0.0004421840003487887,3.1648000003769994e-05,0.004774241999257356
0.0323221039998316,0.02826476700101921,0.0004434239999682177,3.381500027899165e-05,0.005303961999743478
0.03409891100091045,0.02695419699921331,0.0004425729985086946,3.101899892499205e-05,0.0048098709994519595
0.03228977099934127,0.028088914999898407,0.000433498000347754,3.235100120946299e-05,0.004766409001604188
0.033374487999026314,0.02855815400107531,0.00043288699998811353,3.205500070180278e-05,0.005408091001299908
0.03448270700027933,0.02764732399919012,0.0004334799996286165,3.2943999030976556e-05,0.004961593000189168
0.033127673999842955,0.027251898998656543,0.0004872209992754506,3.47400000464404e-05,0.004965481000908767
0.03278684300130408,0.037886250000156,0.0004271100006008055,3.133300015178975e-05,0.0047141859995463165
0.043105229999127914,0.02811478599869588,0.00042099799975403585,3.072199979214929e-05,0.00470666799992614
0.03331876599986572,0.027843527999721118,0.00047631300003558863,3.214800017303787e-05,0.004692186999818659
0.033089526999901864,0.027913711999644875,0.0004204619999654824,3.055500019399915e-05,0.004743686000438174
0.0331543780011998,0.027762065001297742,0.0004220909995638067,3.0369999876711518e-05,0.004699649000031059
0.03295921199969598,0.02791021200027899,0.00041951699859055225,3.090700010943692e-05,0.004747612998471595
0.03315336000014213,0.02759806500034756,0.00048425800014229026,3.4962999052368104e-05,0.004839537999941967
0.03300365599898214,0.027725361000193516,0.0004884240006504115,3.451799966569524e-05,0.004737352999654831
0.03303284200046619,0.027591472999120015,0.0004344059998402372,3.8796000808360986e-05,0.0047847040004853625
0.03289626799960388,0.028037915000822977,0.00047820200052228756,3.5240998840890825e-05,0.004783944999871892
0.03338143300061347,0.027764194001065334,0.0004808140001841821,3.3055999665521085e-05,0.004717093999715871
0.033041618999050115,0.027745602001232328,0.0004359989998192759,3.103699964412954e-05,0.004844389000936644
0.033103489000495756,0.027403455000239774,0.0004989429999113781,3.5536999348551035e-05,0.004803482999705011
0.032793917000162764,0.027702138999302406,0.0004982390000805026,3.664799987745937e-05,0.004941258999679121
0.033226359000764205,0.026886364999882062,0.0005751830012741266,3.7389001590781845e-05,0.004926241001157905
0.032473084998855484,0.026766345999931218,0.0004985359992133453,3.464799920038786e-05,0.005121166999742854
0.03246832500008168,0.026761679000628646,0.0004290349988878006,3.244499930588063e-05,0.005304942998918705
0.03257662100077141,0.026622662000590935,0.0004439429994818056,3.207400004612282e-05,0.005166110999198281
0.03231175099972461,0.026702309000029345,0.00044548000005306676,3.3722999432939105e-05,0.005104554998979438
0.03233191899926169,0.02647914399858564,0.00043423900024208706,3.1906998628983274e-05,0.004773631000716705
0.03177390100063349,0.029296447999513475,0.0005061840001872042,3.3721998988767155e-05,0.00503313000081107
0.03491807600039465,0.027223566999964532,0.0004352949999884004,3.17960002576001e-05,0.00495516699993459
0.032693916999051,0.026596902000164846,0.0004431650013430044,3.290799941169098e-05,0.005037554999944405
0.03218265900068218,0.027038010999604012,0.00044640600026468746,3.3074000384658575e-05,0.004778500999236712
0.032360639999751584,0.02766041700124333,0.00044081399937567767,3.1945000955602154e-05,0.004755464000481879
0.032941231000222615,0.027970768000159296,0.0005139059994689887,3.4499000321375206e-05,0.004787149000549107
0.03335637800046243,0.028581765000126325,0.0004412950002006255,3.3481001082691364e-05,0.004765241999848513
0.03387574499902257,0.02742189899981895,0.0004314240013627568,3.214800017303787e-05,0.004721519999293378
0.03265304700107663,0.028780061000361457,0.00044046099901606794,3.3444999644416384e-05,0.004775981999046053
0.034084318998793606,0.028697432000626577,0.00044055400030629244,3.1240999305737205e-05,0.005252148001090973
0.03446946599979128,0.03953931800060673,0.00048359100037487224,3.285200000391342e-05,0.004673334999097278
0.04477442800089193,0.027743157001168584,0.0004222389998176368,3.035100053239148e-05,0.00472174100104894
0.03296237900030974,0.027925268001126824,0.00042234999818901997,2.986999970744364e-05,0.004706760999397375
0.033130674999483745,0.02788276800129097,0.00041936900015571155,3.2018000638345256e-05,0.004714093998700264
0.033121156000561314,0.027872971000761027,0.00047527599963359535,3.224099964427296e-05,0.0046884639996278565
0.033112248000179534,0.02768832400033716,0.0004186280002613785,3.06290003209142e-05,0.004685371999585186
0.032867787000213866,0.02757797300000675,0.00042303600093873683,3.216700133634731e-05,0.0046723909999855096
0.032750564998423215,0.028503932000603527,0.0004955910007993225,3.5369999750400893e-05,0.005966034001176013
0.03505235200100287,0.02898437499970896,0.0004209059989079833,3.225900036341045e-05,0.004731352999442606
0.03421705999971891,0.027769786998760537,0.0004705720002675662,3.140800072287675e-05,0.004682224000134738
0.03299880399936228,0.02806423000038194,0.00042020199907710776,3.0704000892001204e-05,0.004680205000113347
0.033240897000723635,0.02804539700082387,0.00041477599916106556,3.118499989795964e-05,0.004659870999603299
0.03319724799985124,0.027759639000578318,0.0004199430004518945,3.151900091324933e-05,0.00471022300007462
0.032966508999379585,0.027825971999845933,0.0004179979987384286,3.077799919992685e-05,0.004679186000430491
0.03300417500031472,0.027714435000234516,0.00042040600055770483,3.0499999411404133e-05,0.004707334999693558
0.03292463800062251,0.027752657000746694,0.00042123900129809044,3.220400139980484e-05,0.004688057000748813
0.032937952999418485,0.027831786001115688,0.0004223870000714669,3.159300104016438e-05,0.00472442700083775
0.03305511899998237,0.027455473000372876,0.0004756640009873081,3.207400004612282e-05,0.004725538999991841
0.03273410200017679,0.02742177000072843,0.00041964699994423427,3.146299968648236e-05,0.004714427001090371
0.03263314000105311,0.0274374729997362,0.0004189060000499012,3.166599890391808e-05,0.004705259998445399
0.03263910199893871,0.027288862000204972,0.0004337760001362767,3.225900036341045e-05,0.0046827420010231435
0.03248260300097172,0.027202326000406174,0.0004406459993333556,3.2963000194285996e-05,0.004783463999046944
0.03250510299949383,0.027237325999522,0.00047246199937944766,3.290699896751903e-05,0.004786778999914532
0.03257586099971377,0.02697103100035747,0.0005029059993830742,3.513000046950765e-05,0.005567201998928795
0.03312186000039219,0.02676495800005796,0.0005321459993865574,3.8462998418253846e-05,0.005130646999532473
0.032512177000171505,0.02714375199866481,0.0005092949995741947,3.768500027945265e-05,0.004959444000633084
0.03269765799996094,0.02713584500088473,0.00045129499994800426,3.670299884106498e-05,0.0050587040004757
0.03273158299998613,0.027627305998976226,0.00043472099969221745,3.181400097673759e-05,0.005143648000739631
0.0332833219999884,0.02725067699975625,0.0004883319998043589,3.379600093467161e-05,0.005195980998905725
0.033015471999533474,0.027366806998543325,0.00046166499851096887,3.3352000173181295e-05,0.00476481599980616
0.03267828699972597,0.03570473900072102,0.0004251829996064771,3.042599928448908e-05,0.004676335000112886
0.04088238700023794,0.028349394999168,0.00042062800093845,3.14820008497918e-05,0.004754408999360749
0.03359948700017412,0.027884082999662496,0.00041935100125556346,3.1555000532534905e-05,0.004697983000369277
0.03307915699951991,0.028222766999533633,0.00042283200127712917,3.118499989795964e-05,0.004678649998822948
0.033400173000700306,0.028074637999452534,0.0004279059994587442,3.1722000130685046e-05,0.004739594000056968
0.03331861900005606,0.02807563799979107,0.0004231100010656519,3.0500001230393536e-05,0.004730593998829136
0.033304950999081484,0.02777052800047386,0.00042829399899346754,3.3166999855893664e-05,0.004745296999317361
0.03302252700086683,0.028397746998962248,0.00041788799899222795,3.183399894624017e-05,0.0047362599998450605
0.033628098999543,0.027966453000772162,0.0004182390002824832,3.157399987685494e-05,0.004696390000390238
0.033287821999692824,0.028337506999378093,0.0004224240001349244,3.1536999813397415e-05,0.004691796999395592
0.03352893200099061,0.028268358999412158,0.00042414699964865576,3.2314001146005467e-05,0.004744630999994115
0.03351441399900068,0.0281789700002264,0.00041981300091720186,3.207400004612282e-05,0.004740020000099321
0.03341589599949657,0.028397173999110237,0.0004240729995217407,2.9813998480676673e-05,0.00468607499897189
0.03358350600137783,0.02841424699909112,0.00047023899969644845,3.099999958067201e-05,0.004710630999397836
0.03367145099946356,0.027949156999966362,0.00042277699867554475,3.1814999601920135e-05,0.004699076000179048
0.03314789599971846,0.02843937699981325,0.0004201279989501927,3.10180002998095e-05,0.004711871000836254
0.033668414000203484,0.02825947100063786,0.0004180350006208755,3.083299998252187e-05,0.004696870999396197
0.03344989499964868,0.028325970000878442,0.00041751700155145954,3.0499999411404133e-05,0.004677778999393922
0.033512322001115535,0.0281548599996313,0.0004226649998599896,3.201799881935585e-05,0.004739204998259083
0.033393320998584386,0.028169840999908047,0.0004220360006002011,3.0684999728691764e-05,0.004700389999925392
0.03336710000075982,0.027870156000062707,0.0004184240005997708,3.0962999517214485e-05,0.00469013099973381
0.03305465599987656,0.028375469999446068,0.00042075700002897065,3.053700129385106e-05,0.004727076000563102
0.033599173000766314,0.028175804000056814,0.0004199430004518945,3.224099964427296e-05,0.0046930759999668226
0.03336600699913106,0.02801995300069393,0.00042375799966976047,3.146299968648236e-05,0.004686520000177552
0.033207193000635016,0.02786389799985045,0.00042442400081199594,3.064799966523424e-05,0.004748483001094428
0.0331115819990373,0.028301766000367934,0.0004214609998598462,3.129600008833222e-05,0.004677298000387964
0.03347826600111148,0.028156414999102708,0.0004299239990359638,3.270299930591136e-05,0.004686649999712245
0.03335163699921395,0.028384395998727996,0.00042631299947970547,3.094400017289445e-05,0.0047252980002667755
0.03361211700030253,0.02786137899965979,0.000423202000092715,3.173999903083313e-05,0.004692353000791627
0.033053805000236025,0.02805115599949204,0.00045155400039220694,4.383300074550789e-05,0.0052911650000169175
0.0338909309994051,0.028608321001229342,0.00043501700019987766,3.205500070180278e-05,0.004726223000034224
0.03384807899965381,0.028651023998463643,0.0004346839996287599,3.122199996141717e-05,0.004706760999397375
0.033871820000058506,0.02775115700023889,0.0004265909992682282,3.081400063820183e-05,0.004723501000626129
0.032982083001115825,0.027738658000089345,0.00048309100020560436,3.1925999792292714e-05,0.0046683529999427265
0.032973470999422716,0.027913249999983236,0.0004166839989920845,3.2240001019090414e-05,0.004686205000325572
0.03309965600055875,0.027974249000180862,0.00042109100104426034,3.07769987557549e-05,0.004660261000026367
0.03313163799975882,0.027795046000392176,0.0004184059998806333,3.064799966523424e-05,0.004711983001470799
0.03300035999927786,0.028220378000696655,0.00041859100019792095,3.1259000024874695e-05,0.004685500998675707
0.033401636999769835,0.027998507999654976,0.00041736899947864003,3.3240999982808717e-05,0.004686018999564112
0.03317973000048369,0.02810848899935081,0.00041833199975371826,3.120399924227968e-05,0.004768446000525728
0.033371061999787344,0.028135397000369267,0.00042064700028277,3.0850998882669955e-05,0.004674538000472239
0.033306359000562225,0.02808308199928433,0.0004327770002419129,3.23330004903255e-05,0.004688372000600793
0.03328108200003044,0.028066692999345833,0.000419332000092254,3.196199941157829e-05,0.0047169089993985835
0.03327976699983992,0.0281339150005806,0.00041531299939379096,3.1350999051937833e-05,0.0046818899991194485
0.03330724800071039,0.02799700800096616,0.00042785000005096663,3.22600008075824e-05,0.0046840009999868926
0.033187395998538705,0.02809087800051202,0.00042481299897190183,3.1556000976706855e-05,0.004708520000349381
0.03332391500043741,0.02778067599865608,0.0004774799999722745,3.2500000088475645e-05,0.004669371999625582
0.03300430499984941,0.0281426929996087,0.0004287939991627354,3.079700036323629e-05,0.00468170500062115
0.03332776600109355,0.027612305999355158,0.0004306840000936063,3.035200097656343e-05,0.004711556999609456
0.03283076899970183,0.02783191600065038,0.00042801699964911677,3.113000093435403e-05,0.005251962000329513
0.03358933900017291,0.027531101999556995,0.0004286090006644372,3.281499994045589e-05,0.004681816000811523
0.03271958400000585,0.02737469599924225,0.0004316649992688326,3.1259000024874695e-05,0.004687890001150663
0.03257100999871909,0.02742875100011588,0.0004254239993315423,3.2777999876998365e-05,0.004670779000662151
0.032602713001324446,0.027356898999642,0.00043438700049591716,3.283300065959338e-05,0.004754260000481736
0.03262415799872542,0.027395511000577244,0.0004306089995225193,3.1852001484367065e-05,0.004698945000200183
0.032603343001028406,0.027114548998724786,0.00047483199887210503,5.45919992873678e-05,0.0047717790002934635
0.03246106599908671,0.02674510500037286,0.0004705539995484287,3.375999949639663e-05,0.004948408000927884
0.03224347500145086,0.026981900999089703,0.0004868870000791503,3.787000059674028e-05,0.005102925999381114
0.032656693998433184,0.02665934600008768,0.0005817009987367783,3.9739999920129776e-05,0.004987758999050129
0.03232128899981035,0.027315511000779225,0.00044225800047570374,3.255499905208126e-05,0.004689890000008745
0.03252691800116736,0.035252073999799904,0.0004282019999664044,3.242599996156059e-05,0.0047234089997800766
0.04048129600050743,0.02766588000122283,0.00042888800089713186,3.161099994031247e-05,0.004659464000724256
0.03283293499953288,0.027451010999357095,0.00043233199903625064,3.203699998266529e-05,0.0047272610008803895
0.032687417000488495,0.027631472001303337,0.00047894300041662063,3.309199928480666e-05,0.004683686000134912
0.03287297099996067,0.027453788001366775,0.00042224000026180875,3.1259000024874695e-05,0.004800722999789286
0.0327542689992697,0.02759108399914112,0.00042942500112985726,3.18710008286871e-05,0.004716519999419688
0.03281439800048247,0.027613917000053334,0.00042335000034654513,3.1259000024874695e-05,0.004670371999964118
0.0327833430001192,0.027601232000961318,0.00046973899952718057,3.225900036341045e-05,0.004729944999780855
0.03287974900013069,0.027253158999883453,0.0004741280008602189,6.409199886547867e-05,0.004732352999781142
0.0325691399993957,0.027420159000030253,0.0004925349985569483,3.338799979246687e-05,0.004802482999366475
0.03279454599942255,0.02724775100068655,0.00046416499935730826,3.268499858677387e-05,0.005005593000532826
0.03280660200107377,0.027240993000305025,0.0004912019994662842,3.455499972915277e-05,0.004879037000137032
0.032691620999685256,0.027166956000655773,0.0004992760004824959,3.6833000194747e-05,0.004934055999910925
0.032683471999916947,0.026956326999425073,0.00043566499880398624,3.3185000575031154e-05,0.005111443999339826
0.03258426899992628,0.026797160999194602,0.0004379980000521755,3.2129000828717835e-05,0.0052138330011075595
0.032528566000110004,0.026846234999538865,0.0004924429995298851,3.23330004903255e-05,0.005007555999327451
0.032426288998976815,0.02665138300108083,0.0004912210006295936,3.1813999157748185e-05,0.0049165000000357395
0.03213699300067674,0.02741599199907796,0.00043638699935399927,3.244400068069808e-05,0.004843407999942428
0.03278386099918862,0.027534343000297667,0.0004420730001584161,3.227799970773049e-05,0.004782351999892853
0.03283967500101426,0.02808045299934747,0.00044299799992586486,3.3166999855893664e-05,0.004870056000072509
0.0334809519990813,0.026569457999357837,0.0004333500000939239,3.138899955956731e-05,0.004806537999684224
0.03189247500085912,0.029460817999279243,0.0004433129997778451,3.212899900972843e-05,0.004743593999592122
0.034735539000394056,0.028530284000225947,0.0005177020011615241,3.411100078665186e-05,0.004803075000381796
0.03394426500017289,0.0280503600006341,0.0004373500014480669,3.2241001463262364e-05,0.004971778000253835
0.03353939499902481,0.02741632600009325,0.00044161000005260576,3.2296999052050523e-05,0.0050049439996655565
0.03294582300077309,0.02715404799891985,0.0004410359997564228,3.27220004692208e-05,0.0048653710000508
0.03268747299989627,0.027055807999204262,0.000434888001109357,3.4426000638632104e-05,0.004821242000616621
0.03239893699901586,0.02800295300039579,0.00042957299956469797,3.113000093435403e-05,0.004886704000455211
0.033400673000869574,0.02763656499882927,0.00042633100019884296,3.275900053267833e-05,0.00473907500054338
0.03288345399960235,0.02876565299993672,0.0005015160004404606,3.438800013100263e-05,0.0050864629993156996
0.03443546600101399,0.03925691100084805,0.00041555400093784556,3.148100040561985e-05,0.004676612999901408
0.044425743999454426,0.027580694999414845,0.00042401700011396315,3.0777000574744307e-05,0.0046961499992903555
0.03277725000043574,0.027694693999364972,0.00042360999941593036,3.107399970758706e-05,0.004656039000110468
0.032850527999471524,0.027507435999723384,0.0004197210000711493,3.133300015178975e-05,0.004736685999887413
0.03274076799971226,0.027235028999712085,0.0004944610009260941,3.685199953906704e-05,0.005071870000392664
0.03288443500059657,0.027542529000129434,0.00042336899969086517,3.235099939047359e-05,0.004710871000497718
0.03275391699935426,0.02724728899920592,0.000495516998853418,3.470399860816542e-05,0.004726389999632374
0.032548954000958474,0.026748104999569478,0.0004995349991077092,3.840700082946569e-05,0.005051129999628756
0.03238412199971208,0.027907841998967342,0.00047142400035227183,3.4500000765547156e-05,0.004814667998289224
0.033284081999227055,0.027638120998744853,0.0005292199984978652,3.3999998777289875e-05,0.004801261000466184
0.033049415000277804,0.0272800479997386,0.000503849998494843,3.625899989856407e-05,0.005064925999249681
0.03293256500001007,0.02729003000058583,0.0004868500000156928,3.522299994074274e-05,0.004893889999948442
0.03275215699977707,0.027190640999833704,0.0005030910015193513,3.936999928555451e-05,0.00504140800148889
0.03282156500063138,0.02759358399998746,0.0004252950002410216,3.10930008708965e-05,0.005137739999554469
0.03323239699966507,0.027311584999551997,0.0004526470002019778,3.787100104091223e-05,0.005088574000183144
0.0329367859994818,0.027344232999894302,0.0004491459985729307,3.7535999581450596e-05,0.008261155000582221
0.0361378670004342,0.027570361000471166,0.0005017020012019202,3.6592999094864354e-05,0.004912796999633429
0.03306934200008982,0.028114063999964856,0.0004608869985531783,3.342600030009635e-05,0.0047505200000159675
0.033404747999156825,0.027691897999829962,0.0004765539997606538,3.472199932730291e-05,0.004778779000844224
0.03302811899993685,0.027709472000424284,0.0004425349998200545,3.151800046907738e-05,0.004844851999223465
0.03307508299985784,0.0276777500002936,0.000490960999741219,3.387099968676921e-05,0.00480846400023438
0.033057045000532526,0.02782447199933813,0.0004990170000382932,3.4704000427154824e-05,0.004905982001218945
0.03330972900039342,0.027414158999818028,0.0004989609988115262,3.7907999285380356e-05,0.005055591998825548
0.0330538609996438,0.02760974999910104,0.0004926649999106303,3.601900061767083e-05,0.005187314000068
0.03337191399987205,0.028144304000306875,0.0004972020014974987,3.4889000744442455e-05,0.004942279001625138
0.03366335800092202,0.027693453999745543,0.000481312999909278,4.355500095698517e-05,0.004869760001383838
0.03313528599937854,0.0279078789990308,0.0004956089996994706,3.692599966598209e-05,0.00496094499976607
0.033447932999479235,0.027793786999609438,0.0004883319998043589,3.2129000828717835e-05,0.0048720009999669855
0.0332334520007862,0.029944111998702283,0.0006225349989108508,4.523999996308703e-05,0.005544387000554707
0.0362150519995339,0.03289724999922328,0.0005840899993927451,3.983300121035427e-05,0.006299365999439033
0.03988016800030891,0.03309676699973352,0.000542571999176289,3.8611000491073355e-05,0.005252666000160389
0.03897863500060339,0.027786639000623836,0.00047234999874490313,3.079599991906434e-05,0.004770056999404915
0.033105896998677053,0.027567750999878626,0.00042933199983963277,3.196299985575024e-05,0.004715334998763865
0.032789972001410206,0.027762306001022807,0.000423794999733218,3.1833000321057625e-05,0.004709908998847823
0.03297298999859777,0.027831897999931243,0.00042297999971196987,3.025899968633894e-05,0.004718592999779503
0.033049268000468146,0.027718342998923617,0.00041735000013432,3.222199848096352e-05,0.004808834999494138
0.033022157000232255,0.02755691800120985,0.000420571999711683,3.127799936919473e-05,0.00472664999870176
0.03278223100096511,0.027840787000968703,0.0004211650011711754,3.0111001251498237e-05,0.004764724000779097
0.03310224899905734,0.027565768999920692,0.00041975800013460685,3.122199996141717e-05,0.004709852999440045
0.03277211999920837,0.02787280499978806,0.0004208690006635152,3.1166000553639606e-05,0.004782074998729513
0.03315197100164369,0.027993322999464,0.00042125700019823853,3.0889001209288836e-05,0.0047472040005231975
0.033244803998968564,0.02778906499952427,0.00042729499909910373,2.9814998924848624e-05,0.004738093000923982
0.03303069399953529,0.02771562000089034,0.0004219799993734341,3.237100099795498e-05,0.004741537999507273
0.03295769400028803,0.027972341000349843,0.0004755909994855756,3.264800034230575e-05,0.004716426999948453
0.03324293300101999,0.030402573000174016,0.00042429499990248587,3.175999881932512e-05,0.004781260999152437
0.03568524000002071,0.027881472000444774,0.00042014700011350214,3.083299998252187e-05,0.004722593999758828
0.033100285998443724,0.027476565999677405,0.00042410999958519824,3.2222000299952924e-05,0.0047743529994477285
0.03275362000022142,0.028303136999966227,0.0004193879995000316,3.0962999517214485e-05,0.004772500999024487
0.03357135800069955,0.027470806999190245,0.0004774979988724226,3.240699879825115e-05,0.0047291119990404695
0.03276265800013789,0.027801008998721954,0.00041827699897112325,3.175900019414257e-05,0.0047865559990896145
0.03308378600013384,0.027650379999613506,0.000421295000705868,3.229600042686798e-05,0.004790296999999555
0.03294460100005381,0.02783476799959317,0.0004208690006635152,3.1129999115364626e-05,0.004791222998392186
0.033125044999906095,0.027726491000066744,0.0004757940005220007,3.1648000003769994e-05,0.004716556999483146
0.03300226799910888,0.027506658001584583,0.000418016999901738,3.053699947486166e-05,0.004702168000221718
0.03270358400004625,0.02796602699891082,0.00042386899986013304,3.0981000236351974e-05,0.00470398200013733
0.03317123000124411,0.027902804999030195,0.0004220360006002011,3.051800013054162e-05,0.004748724000819493
0.03315082299923233,0.02790212000036263,0.00043394299973442685,3.233400093449745e-05,0.004732112000056077
0.03314878600031079,0.028080414998839842,0.000419256999521167,3.163000110362191e-05,0.004731334000098286
0.03331200699904002,0.02787841600002139,0.000423258001319482,3.205600114597473e-05,0.004662074999941979
0.03304191600000195,0.028514173998701153,0.00042040600055770483,3.0777000574744307e-05,0.005186813999898732
0.03419911499986483,0.02796911900077248,0.0004219610000291141,3.161099994031247e-05,0.004700649000369594
0.0331723970011808,0.027706324000973837,0.0004227939989505103,3.101900074398145e-05,0.004739649000839563
0.03294597099920793,0.027606749999904423,0.00041971999962697737,8.503600110998377e-05,0.004691428001024178
0.03284789800090948,0.027757046000260743,0.0004211840005154954,3.146299968648236e-05,0.004693259999839938
0.03294884199931403,0.02766219499972067,0.00042468399988138117,3.1814999601920135e-05,0.004708335000032093
0.03287241699945298,0.027749990998927387,0.00042127599954255857,3.062999894609675e-05,0.004667298000640585
0.03291541600083292,0.027700730999640655,0.00042047900024044793,2.998099989781622e-05,0.004723557000033907
0.03291867600091791,0.02759058399897185,0.000434165000115172,3.168600051139947e-05,0.00473005699859641
0.032831304999490385,0.02794976699988183,0.00042207200021948665,3.146299968648236e-05,0.0047194639992085285
0.03316865600027086,0.027887786000064807,0.00042251599916198757,3.075900167459622e-05,0.0046552050007449
0.0330425269985426,0.028119471000536578,0.000473609001346631,3.1240999305737205e-05,0.004683483000917477
0.03335285899993323,0.028164118999484344,0.00042147999920416623,3.074100095545873e-05,0.0052406649992917664
0.03390313500131015,0.028133896999861463,0.0004210539991618134,3.2111000109580345e-05,0.004735741998956655
0.033483154998975806,0.028248692000488518,0.000420571999711683,3.1147999834502116e-05,0.004696297000919003
0.03344252500028233,0.02796785999998974,0.00042216499969072174,3.199999991920777e-05,0.004674705000070389
0.03314308200060623,0.027917990999412723,0.00042014700011350214,3.203699998266529e-05,0.004704852999566356
0.03311948999908054,0.02792345300076704,0.0004713869984698249,3.227799970773049e-05,0.004690982999818516
0.033162323001306504,0.02793545300119149,0.0004217950008751359,3.138799911539536e-05,0.004691371001172229
0.033125340998594766,0.02789197200036142,0.00041979500019806437,3.033400025742594e-05,0.004696316000263323
0.03308439700049348,0.027956305000770953,0.00042362800013506785,3.129600008833222e-05,0.004735315998914302
0.03319200800069666,0.027914137999687227,0.00042012900121335406,3.237000055378303e-05,0.004698519998783013
0.03311030499935441,0.02817543399942224,0.0004238319997966755,3.20189992635278e-05,0.004685500998675707
0.03336126599970157,0.02799206400050025,0.0004182760003459407,3.0295999749796465e-05,0.004734981999718002
0.03321913800027687,0.02806985999995959,0.0004231290004099719,3.064799966523424e-05,0.004697927999586682
0.03326615500009211,0.028041507999660098,0.00042801699964911677,3.125999865005724e-05,0.004696297999544186
0.03324224900097761,0.028360951000649948,0.00042109099922527093,3.185199966537766e-05,0.004737242001283448
0.0335961539985874,0.028046285999153042,0.00041957200119213667,3.161099994031247e-05,0.004687556998760556
0.03323034100139921,0.028175933999591507,0.00042229499922541436,3.2407000617240556e-05,0.004667593999329256
0.03334387799986871,0.028354729000056977,0.00042296100036764983,3.1925999792292714e-05,0.004731093000373221
0.03359265399922151,0.028226471000380116,0.00041966500066337176,3.081499926338438e-05,0.0055057019999367185
0.03425900399997772,0.028473377000409528,0.0004260540008544922,3.149999974993989e-05,0.004753631001221947
0.0337381360004656,0.028611060999537585,0.0004234429998177802,3.188900154782459e-05,0.004744260000734357
0.0338566529990203,0.027928859999519773,0.00042172099892923143,3.112900049018208e-05,0.004690965000918368
0.03311795300032827,0.028188766998937353,0.00048296100067091174,3.144399852317292e-05,0.0047059270000318065
0.03345471099964925,0.027929341998969903,0.0004189989995211363,3.0777000574744307e-05,0.0047361859997181455
0.033167396000862936,0.027788527999291546,0.000424443000156316,3.10930008708965e-05,0.00469542700011516
0.03298463899955095,0.028042951998941135,0.0004208690006635152,3.2369998734793626e-05,0.004748797000502236
0.03328987799977767,0.02801060099955066,0.0004192020005575614,3.0703000447829254e-05,0.004705723998995381
0.0332106930000009,0.02769332399839186,0.0004240540001774207,3.1722000130685046e-05,0.004724316000647377
0.03291917500064301,0.028140970000094967,0.00042246100019838195,3.149999974993989e-05,0.004727630999695975
0.033368247999533196,0.02803650799978641,0.0004791089995705988,3.235100120946299e-05,0.0047046119998412905
0.03329852600109007,0.02809869300108403,0.00042312799996579997,3.172199831169564e-05,0.00473255699944275
0.03333109999948647,0.027959916000327212,0.0004223500000080094,3.17960002576001e-05,0.004675112999393605
0.03313311899910332,0.0278138610010501,0.00042014700011350214,3.10930008708965e-05,0.004746482998598367
0.03305687900137855,0.0282110999996803,0.00041498000064166263,3.1425999623024836e-05,0.0046884639996278565
0.03339169199898606,0.028144044999862672,0.0004199429986329051,3.0462999347946607e-05,0.004667352999604191
0.03330780400028743,0.02797771199948329,0.0004189609990135068,3.1147999834502116e-05,0.004727630999695975
0.03320119300042279,0.028255471001102705,0.000418609999542241,3.244500112487003e-05,0.004713092999736546
0.03346526600034849,0.027916582999750972,0.00042044299880217295,3.227699926355854e-05,0.00469557500036899
0.033111341999756405,0.028088193999792566,0.00042179399861197453,3.007400118804071e-05,0.0047504270005447324
0.033335988999169786,0.027972305000730557,0.0004204239994578529,3.1648000003769994e-05,0.004695204999734415
0.03317167400018661,0.02815854500113346,0.0004298690000723582,3.1536999813397415e-05,0.004685501000494696
0.033351284999298514,0.028267302999665844,0.00042003600174211897,3.205500070180278e-05,0.004823056999157416
0.0335881730006804,0.028216544998940662,0.0004243690000294009,3.212899900972843e-05,0.004725835000499501
0.03345087799971225,0.028042322999681346,0.0004226279997965321,3.138800093438476e-05,0.004701742000179365
0.033253637000598246,0.02809358199920098,0.0004231650000292575,3.174099947500508e-05,0.004743871000755462
0.03333654400012165,0.02837435900073615,0.0004236090007907478,3.168500006722752e-05,0.004716722998637124
0.03359080299924244,0.028418543999578105,0.0004269050004950259,3.118499989795964e-05,0.004706464000264532
0.03362887699950079,0.027834193999296986,0.00047298000026785303,3.17960002576001e-05,0.004701501999079483
0.03308500800085312,0.028617486999792163,0.0004534430008789059,3.161099994031247e-05,0.005170037000425509
0.034318041000005906,0.028083508001145674,0.0004228690013405867,3.081500108237378e-05,0.004735631000585272
0.03331793299912533,0.029821723999702954,0.000425165000706329,3.17960002576001e-05,0.00474701900020591
0.03507024200007436,0.027655751000565942,0.0004242020004312508,3.1702998967375606e-05,0.004778983000505832
0.03293680500064511,0.02797393400032888,0.0004221090002829442,3.0944998798076995e-05,0.004708963999291882
0.03318097100054729,0.027851509001266095,0.00042651700096030254,3.2481999369338155e-05,0.004686038000727422
0.03304799000034109,0.028153692999694613,0.0004215720000502188,3.155599915771745e-05,0.004738038000141387
0.033393821999197826,0.027931063999858452,0.0004299610009184107,3.159200059599243e-05,0.004741316000945517
0.03318034100084333,0.02799889699963387,0.0004268320008122828,3.1167000997811556e-05,0.005238350999206887
0.03374674699989555,0.028063341000233777,0.00042320299871789757,3.231499977118801e-05,0.004761445999974967
0.03332561800016265,0.028000360000078217,0.0004204619999654824,3.07769987557549e-05,0.004713981999884709
0.03321110099932412,0.0279962489985337,0.00042544300049485173,3.079599991906434e-05,0.004720594000900746
0.03321963700000197,0.028033175000018673,0.0004248320001352113,3.1167000997811556e-05,0.004751834998387494
0.03329554499941878,0.028058896999937133,0.00042249900070601143,3.1444000342162326e-05,0.004702186999566038
0.033263303001149325,0.027871897998920758,0.0004188509992673062,3.014799949596636e-05,0.004722556999695371
0.03308787899914023,0.02817102600056387,0.00041936900015571155,3.133300015178975e-05,0.004725982998934342
0.033393043999240035,0.02796697099984158,0.0004775540000991896,3.111099977104459e-05,0.004707501000666525
0.03322878600010881,0.02837526599978446,0.00042333199962740764,3.111099977104459e-05,0.004722928000774118
0.03360567300114781,0.027901082999960636,0.00042055399899254553,3.083299998252187e-05,0.0047104460008995375
0.03310935999979847,0.028038915999786695,0.0004823870003747288,3.129600008833222e-05,0.004697279000538401
0.03329369299899554,0.027749917000619462,0.00041929400140361395,3.120300061709713e-05,0.0047026489992276765
0.032947897001577076,0.027989304999209708,0.00042333199962740764,3.1185001716949046e-05,0.0047174640003504464
0.033207081998625654,0.02790648999871337,0.0004215539993310813,3.072300023632124e-05,0.00473020500066923
0.03313387900016096,0.02815717399971618,0.0004190540003037313,3.1945000955602154e-05,0.004705872001068201
0.03336022900111857,0.027964971000983496,0.0004254989999026293,3.122199996141717e-05,0.0046891680012777215
0.03315502700024808,0.027765565000663628,0.000419313000747934,3.168500006722752e-05,0.004710537999926601
0.03297330499844975,0.02821687800133077,0.00042031300108646974,3.0850998882669955e-05,0.004714722999779042
0.03342895100104215,0.02795600799981912,0.0004239980007696431,3.14070002787048e-05,0.004726315999505459
0.03318362000027264,0.028479357999458443,0.00042451700028323103,3.203699998266529e-05,0.004738704999908805
0.033719986999130924,0.028190229000756517,0.000417998000557418,3.229700087103993e-05,0.004692705000707065
0.033379026001057355,0.02863565400002699,0.0004284249989723321,3.157399987685494e-05,0.005110406998937833
0.034407873999953154,0.02807500800008711,0.00043007299973396584,3.2611000278848223e-05,0.004742408000311116
0.033326469998428365,0.02795104600045306,0.0004232400006003445,3.090799873461947e-05,0.004758352999488125
0.03320932300084678,0.027910637998502352,0.00042036800005007535,3.172199831169564e-05,0.004668686999139027
0.0330754890001117,0.028092063999793027,0.00047834999895712826,3.203699998266529e-05,0.004698946000644355
0.0333455630006938,0.027944231000219588,0.00042379400110803545,2.9943999834358692e-05,0.004711816000053659
0.03316128599908552,0.028087025999411708,0.00041966500066337176,3.1555000532534905e-05,0.0046722419992875075
0.03325669299920264,0.027869786999872304,0.00042333200144639704,3.253699833294377e-05,0.00474453800052288
0.03311511900028563,0.02801450900005875,0.00042114600000786595,2.97780006803805e-05,0.004699760000221431
0.033212360000106855,0.027952082000410883,0.00042455399852769915,3.124100112472661e-05,0.004698964999988675
0.033153119000417064,0.028241599999091704,0.00042190600106550846,3.1852001484367065e-05,0.004730446000394295
0.033471951999672456,0.02802930399957404,0.00041984999916167,3.1834000765229575e-05,0.004714426999271382
0.03324108100059675,0.028267804000279284,0.0004196840000076918,3.064799966523424e-05,0.004688241999247111
0.03345095199983916,0.02778326800034847,0.0004194429984636372,3.081499926338438e-05,0.004751779000798706
0.03303052699993714,0.02777506500024174,0.00048388699906354304,3.281499994045589e-05,0.004702481999629526
0.03304030499930377,0.027978415999314166,0.00042312799996579997,3.188899972883519e-05,0.004711075000159326
0.033190841000759974,0.02790954500051157,0.0004278129999875091,3.133300015178975e-05,0.004667982999308151
0.033082489999287645,0.027742176000174368,0.0004239800000505056,3.161099994031247e-05,0.004787223000676022
0.03302926800097339,0.029874705000111135,0.0004838130007556174,3.385200034244917e-05,0.005513462001545122
0.03596040499905939,0.027978934998827754,0.00042679500074882526,3.2092999390442856e-05,0.004743057001178386
0.0332270819999394,0.02756408400091459,0.0004259249999449821,3.07769987557549e-05,0.004726409000795684
0.03279167599976063,0.02749095400031365,0.00042375799966976047,3.157399987685494e-05,0.004687409000325715
0.03267908400084707,0.027872119999301503,0.00042553499952191487,3.196299985575024e-05,0.004727594001451507
0.03310232299918425,0.027738454000427737,0.00047962799908418674,3.255599949625321e-05,0.0047116309997363715
0.03300876800130936,0.02794528600134072,0.0004256089996488299,3.1517998650087975e-05,0.004700370998762082
0.03314865599895711,0.027944859999479377,0.0004223690011713188,3.0962999517214485e-05,0.004691946000093594
0.03313556400098605,0.028007378999973298,0.00042694300100265536,3.127799936919473e-05,0.0050610369999049
0.03357319099995948,0.02824385900021298,0.0004221839990350418,3.1406998459715396e-05,0.004722038000181783
0.033464173999163904,0.028307062000749283,0.0004244800002197735,3.133300015178975e-05,0.004765315999975428
0.033573303000594024,0.028165210998849943,0.0004165360005572438,3.098099841736257e-05,0.004691946000093594
0.03335521100052574,0.028775357000995427,0.00042385100095998496,3.162900065944996e-05,0.005098870999063365
0.03437720699912461,0.027877435000846162,0.0004773319997184444,3.2223000744124874e-05,0.004723371999716619
0.033157007999761845,0.028061452001566067,0.0004199799986963626,3.090700010943692e-05,0.004758148999826517
0.03331626700128254,0.028183156000523013,0.0004223140003887238,3.090700010943692e-05,0.00468920499952219
0.03337172899955476,0.02772637999987637,0.0004194800003460841,3.081499926338438e-05,0.005326295000486425
0.03354908099936438,0.027704935999281588,0.00042177599971182644,3.181500142090954e-05,0.004723205000118469
0.032927991000178736,0.028102840999054024,0.0004200169987598201,3.175900019414257e-05,0.0046968530004960485
0.03329706300064572,0.02777284200055874,0.0004208129994367482,3.1722000130685046e-05,0.004768056000102661
0.03303869299998041,0.027945693998844945,0.0004208310001558857,3.175900019414257e-05,0.004700556000898359
0.033143452999865985,0.02777719400000933,0.00042603499969118275,3.183299850206822e-05,0.004722870999103179
0.03300287899946852,0.027742676000343636,0.00042392400064272806,3.1833000321057625e-05,0.004683594001107849
0.03292821300055948,0.027700972999809892,0.00042635099998733494,3.1518999094259925e-05,0.00475609399836685
0.032959637999738334,0.02822135899987188,0.00042786899939528666,3.198099875589833e-05,0.004731389999506064
0.03345819199967082,0.02784413900008076,0.00042346200098108966,3.23330004903255e-05,0.004691834999903222
0.03303671200046665,0.02791860099932819,0.0004274420007277513,3.166699934809003e-05,0.004739796999274404
0.03316213799917023,0.027856304999659187,0.0004368879999674391,3.1517998650087975e-05,0.004733667999971658
0.033102694000263,0.027965768000285607,0.00042827600009331945,3.0406999940169044e-05,0.004734037998787244
0.03320430399980978,0.027881583000635146,0.0004214429991407087,3.072199979214929e-05,0.004686371999923722
0.03306497100129491,0.028203193000081228,0.00047918400014168583,3.129600008833222e-05,0.004697020000094199
0.03345691499998793,0.027927138000450213,0.00042194200068479404,3.06290003209142e-05,0.004719259999546921
0.03314447099910467,0.02796543499971449,0.0004217949990561465,3.1648000003769994e-05,0.004707038999185897
0.033177581999552785,0.02799039799901948,0.0004190170002402738,3.1740000849822536e-05,0.004748187000586768
0.03323408200049016,0.02815791499961051,0.00041701700138219167,3.0093000532360747e-05,0.004734779000500566
0.03338513699964096,0.028206323000631528,0.0004228130001138197,3.103700146311894e-05,0.004691853000622359
0.03339858100116544,0.028322635998847545,0.0004800909991899971,3.168500006722752e-05,0.004706630999862682
0.033586080999157275,0.028240693000043393,0.000420035001297947,3.148100040561985e-05,0.0046955380003055325
0.03343252500053495,0.028242414999112953,0.0004316279992053751,3.177799953846261e-05,0.0047232789984263945
0.03347421099897474,0.028124563999881502,0.0004803320007340517,3.225900036341045e-05,0.00472740899931523
0.03341098800046893,0.028150508000180707,0.0004316279992053751,3.155599915771745e-05,0.004714798000350129
0.03337426700090873,0.02758495400121319,0.00043116499909956474,3.246300002501812e-05,0.004671538999900804
0.03276573199946142,0.0282586369994533,0.0004855170009250287,3.253700015193317e-05,0.004982593000022462
0.03383043099893257,0.028869765001218184,0.0004284799997549271,3.098199886153452e-05,0.00470416800089879
0.03407943100137345,0.02746850999938033,0.0004244620013196254,3.264800034230575e-05,0.004737056000521989
0.032729843000197434,0.027316604000588995,0.0004276100007700734,3.2814001315273345e-05,0.004762333999678958
0.03258536199973605,0.02657688400176994,0.0002855910006474005,3.822199869318865e-05,0.004869890000918531
0.031816049999179086,0.02667871700032265,0.0002875539994420251,3.725899841811042e-05,0.004873482001130469
0.031925494000461185,0.027135937998536974,0.00029346100018301513,3.7166999391047284e-05,0.004892258999461774
0.03240545500011649,0.026535606000834377,0.0002973509999719681,3.711099998326972e-05,0.004869129999860888
0.03178666199892177,0.026620495000315714,0.00036733200067828875,3.950000063923653e-05,0.004895055999440956
0.03196947500146052,0.026118125999346375,0.000346980999893276,5.1573999371612445e-05,0.004958851999617764
0.031527328999800375,0.02629892200093309,0.00030216600134735927,3.7962001442792825e-05,0.005207277001318289
0.03189455000028829,0.025726369000039995,0.000290035999569227,1.2574000720633194e-05,0.0
0.026083478000145988,0.030687721000504098,0.00044464700113167055,3.285099955974147e-05,0.004904315001112991
0.03612134899958619,0.02769613899909018,0.00044255399916437455,3.1925999792292714e-05,0.004925351999190752
0.03316328599976259,0.02840876600021147,0.0005085159991722321,3.4184999094577506e-05,0.004809686000953661
0.033809153999754926,0.02717045600002166,0.00044353500015859026,3.3352000173181295e-05,0.004775149000124657
0.03248532600082399,0.026686143000915763,0.0004277579992049141,3.336999907332938e-05,0.004717001998869819
0.03191430900005798,0.031212404001053073,0.00044118400001025293,3.1648000003769994e-05,0.0050289999999222346
0.03688569799851393,0.0262875520002126,0.00044403500032785814,3.359200127306394e-05,0.005116165999424993
0.03192934599974251,0.027367937000235543,0.000449664999905508,3.262999962316826e-05,0.0047751500005688285
0.032680676000381936,0.02799376799885067,0.0004450169999472564,3.1703999411547557e-05,0.004834612000195193
0.03335576700010279,0.028105322999181226,0.00043794299926958047,3.270399975008331e-05,0.004808575000424753
0.033433118000175455,0.02795852700000978,0.00044040600005246233,3.3741000152076595e-05,0.00478850100080308
0.03327309999986028,0.026998955998351448,0.00043346099846530706,3.3463000363553874e-05,0.004785668001204613
0.03230534500107751,0.0294022070011124,0.0004350720009824727,3.109200042672455e-05,0.00494894499934162
0.034874168999522226,0.027058233999923686,0.00043036900024162605,3.118499989795964e-05,0.004803241999979946
0.03237738099960552,0.028445803000067826,0.0004402209997351747,3.14820008497918e-05,0.00490261099912459
0.03387041300084093,0.02720160399985616,0.0005467390001285821,3.518499943311326e-05,0.004800074999366188
0.03263636199881148,0.029442354998536757,0.0004304430003685411,3.225900036341045e-05,0.005004980999729014
0.03495935300088604,0.027076012000179617,0.0004360350012575509,3.229600042686798e-05,0.004872482000791933
0.032488028999068774,0.027133771000080742,0.0005137199987075292,3.47400000464404e-05,0.00480781499936711
0.03254767700127559,0.030604555000536493,0.0005055720012023812,3.3906999306054786e-05,0.005600831000265316
0.03679417999956058,0.02675449499838578,0.0004352209998614853,3.24079992424231e-05,0.005014685000787722
0.03228462299921375,0.0264302180003142,0.0004429239997989498,3.400000059627928e-05,0.004791851999470964
0.03174675400077831,0.026571031999992556,0.00043473900041135494,3.231399932701606e-05,0.004776555999342236
0.03186823499891034,0.028907264000736177,0.00044453600094129797,3.2222000299952924e-05,0.00481609300004493
0.034250245000293944,0.027138215000377386,0.00043859099969267845,3.174099947500508e-05,0.004811574999621371
0.032483029001014074,0.02862737599934917,0.0004440360007720301,3.2982001357595436e-05,0.004835482999624219
0.03399057899878244,0.026648697999917204,0.00043253500007267576,3.244499930588063e-05,0.004780333998496644
0.03194532700035779,0.029126207999070175,0.0005009610013075871,3.31110004481161e-05,0.004737612000099034
0.034446077999746194,0.026906475999567192,0.0004849249999097083,3.36479988618521e-05,0.004787648998899385
0.03226556700064975,0.02894883800036041,0.0004414430004544556,3.274099981354084e-05,0.004705687000750913
0.03417963399988366,0.027007770999261993,0.00043436800115159713,3.19439986924408e-05,0.004731945000457927
0.03225360400028876,0.0284922099999676,0.00044060900108888745,3.222299892513547e-05,0.004791777999344049
0.033810560998972505,0.02909715299938398,0.00043783100045402534,3.372200080775656e-05,0.0047620749992347555
0.03438018900124007,0.02701501200135681,0.00043779499901575036,3.351799932715949e-05,0.004849463999562431
0.032389788999353186,0.028214656000272953,0.0004366470002423739,3.309299972897861e-05,0.0047841499999776715
0.03352233999976306,0.028899634000481456,0.0004426830000738846,3.353700049046893e-05,0.004827316000955761
0.0342829109995364,0.026849624000533368,0.0004407579999679001,3.353700049046893e-05,0.004831779000596725
0.03220767900165811,0.02823884099962015,0.0004336099991633091,3.285200000391342e-05,0.004775797999172937
0.03353408099974331,0.028846875999079202,0.00044125699969299603,3.161099994031247e-05,0.004808908000995871
0.034181929999249405,0.026989493000655784,0.0004439610002009431,3.2685000405763276e-05,0.004815333999431459
0.032334769999579294,0.028046471999914502,0.0004333500000939239,3.113000093435403e-05,0.004767370999616105
0.03333067499988829,0.029164337000111118,0.0004254609993949998,3.122199996141717e-05,0.004798223000761936
0.034472983999876305,0.028523284001494176,0.0004294059999665478,3.246300002501812e-05,0.004890501000772929
0.033925802001249394,0.02670582800055854,0.00043179500062251464,3.159200059599243e-05,0.0048009270012698835
0.03202001200043014,0.02777534300003026,0.0004215539993310813,3.042599928448908e-05,0.004713890000857646
0.03298841600008018,0.030100907999440096,0.0004316459999245126,3.264800034230575e-05,0.004924443999698269
0.035538647998691886,0.027102826001282665,0.00043623900091915857,3.109200042672455e-05,0.004883390000031795
0.032510899000044446,0.026747067999167484,0.00043277599979774095,3.177799953846261e-05,0.004760148998684599
0.03202605000115,0.028616580000743852,0.000494887000968447,3.23329986713361e-05,0.004801408000275842
0.03400324599897431,0.03058770200004801,0.0004951829996571178,3.399900015210733e-05,0.005099592999613378
0.03626553300091473,0.027374751998650027,0.0004370539991214173,3.1444000342162326e-05,0.005049463001341792
0.03294143499988422,0.026959085998896626,0.0004367020010249689,3.4202999813714996e-05,0.005070851999334991
0.032548343999224016,0.02668056900074589,0.0004382579991215607,3.2111000109580345e-05,0.004863111998929526
0.03206340100041416,0.026760328000818845,0.00043057199945906177,3.149999974993989e-05,0.004740852999020717
0.032016716000725864,0.029921317000116687,0.0004299060001358157,3.203699998266529e-05,0.004957444998581195
0.03539281499979552,0.02672205000089889,0.0004343690015957691,3.225900036341045e-05,0.00480222300029709
0.0320384569986345,0.027891841999007738,0.00043711000034818426,3.240699879825115e-05,0.004731891000119504
0.03315210000073421,0.027303640999889467,0.00044055399848730303,3.312899934826419e-05,0.004809445001228596
0.032641158999467734,0.02883461700002954,0.0004413309998199111,3.2907000786508434e-05,0.004807186000107322
0.034167282001362764,0.028090249001252232,0.0004405350009619724,3.142600144201424e-05,0.004729131000203779
0.033339136998620233,0.028381951999108423,0.0004516100016189739,3.161099994031247e-05,0.004911148998871795
0.03382735800005321,0.027244418999543996,0.00044279500070842914,3.2111000109580345e-05,0.00485398199998599
0.032637342999805696,0.028588895000211778,0.000446573001681827,3.203699998266529e-05,0.004945241998939309
0.03406270900086383,0.02655229199990572,0.00043931400068686344,3.438800013100263e-05,0.004842722999455873
0.03192758600016532,0.027755527999033802,0.000491034999868134,3.335199835419189e-05,0.004801649000000907
0.033135637999293976,0.02903696800058242,0.0004405169984238455,3.177799953846261e-05,0.004764575000081095
0.03432528200028173,0.026938659999359515,0.0004403689999890048,3.19439986924408e-05,0.004764575000081095
0.032222788999206387,0.029308300001503085,0.00043796099998871796,3.2130001272889785e-05,0.004791964000105509
0.03461929900004179,0.027033753000068828,0.00043531300070753787,3.157299943268299e-05,0.004757703998620855
0.03231875200071954,0.02937070700136246,0.00043701699905795977,3.111099977104459e-05,0.004867907999141607
0.034757409999656375,0.026608457999827806,0.00043936899965046905,3.223999920010101e-05,0.004754075998789631
0.03189010599999165,0.02778652699998929,0.000436664999142522,3.2889000067370944e-05,0.004814111998712178
0.03312415599975793,0.02930678099983197,0.0004955349995725555,3.2388999898103066e-05,0.004758500999741955
0.03464354000061576,0.02787811999951373,0.0004411099998833379,3.2111000109580345e-05,0.004825685999094276
0.03322706300059508,0.0269613450000179,0.00043873899994650856,3.103700146311894e-05,0.004770223000377882
0.03225377099988691,0.029579280999314506,0.00043181399996683467,3.187000038451515e-05,0.005488664999575121
0.035579035999035113,0.027012418999220245,0.0004387949993542861,3.359199945407454e-05,0.00482218599972839
0.03235347500049102,0.027792583001428284,0.0004375360003905371,3.27220004692208e-05,0.004777149000801728
0.03309171200089622,0.02801952700065158,0.0004988130003766855,3.4037000659736805e-05,0.004819388999749208
0.03343378499994287,0.031148497000685893,0.0004354980010248255,3.274099981354084e-05,0.005146907000380452
0.03681103199960489,0.02908778200071538,0.0004979800014552893,3.8981999750831164e-05,0.0051199259996792534
0.0347917420003796,0.027629344000160927,0.0004997390005883062,3.820400161202997e-05,0.005072074000054272
0.03328741599943896,0.02706423400013591,0.0004594429992721416,3.731400101969484e-05,0.005029314999774215
0.032749305999459466,0.026927605000309995,0.0004357569996500388,3.2777999876998365e-05,0.005152924999492825
0.0325992510006472,0.02689729000121588,0.00043586799984041136,3.2685000405763276e-05,0.005139332999533508
0.032555824998780736,0.02686519800045062,0.0004342760003055446,3.1147999834502116e-05,0.00504998199903639
0.032429085000330815,0.026757809999253368,0.00042999799916287884,3.1925999792292714e-05,0.004905259998849942
0.032178048000787385,0.027726750000510947,0.0004377940003905678,3.338900023663882e-05,0.004803075000381796
0.03305389799970726,0.02746480699897802,0.0004382389997772407,3.2665999242453836e-05,0.004861334999077371
0.032844397999724606,0.027929879001021618,0.00043886899948120117,3.2203999580815434e-05,0.004839130999243935
0.033296396999503486,0.027104382001198246,0.00042442400081199594,3.111100159003399e-05,0.004807851999430568
0.03241558500121755,0.0309930709991022,0.00043483199988259,3.353699867147952e-05,0.00505822200102557
0.03656736599987198,0.026963623000483494,0.0005030910015193513,3.2889000067370944e-05,0.004984129998774733
0.03253206599947589,0.027103030999569455,0.0004272759997547837,3.207400004612282e-05,0.00492585199936002
0.03253802899962466,0.027453974000309245,0.00043727599950216245,3.205500070180278e-05,0.0049022960010915995
0.032874194001124124,0.027455695999378804,0.0004433129997778451,3.357400055392645e-05,0.00481924199993955
0.0328030469991063,0.02763343500009796,0.0004349249993538251,3.312999979243614e-05,0.004815538000912056
0.03296760100056417,0.029400170000371872,0.00044110899943916593,3.464799920038786e-05,0.004781019000802189
0.03470648400070786,0.028377507000186597,0.000443295000877697,3.1722000130685046e-05,0.005063499998868792
0.03396450599939271,0.02712943799997447,0.00043290599933243357,3.2184998417505994e-05,0.004757205000714748
0.03240545500011649,0.030160444999637548,0.0004886650003754767,3.225900036341045e-05,0.0051555919999373145
0.03588347999902908,0.027146177999384236,0.0004427759995451197,3.157299943268299e-05,0.005064832999778446
0.03273945399996592,0.02730995500132849,0.0004423869995662244,3.3185000575031154e-05,0.0050425930003257236
0.032874657001229934,0.027140751999468193,0.00043212799937464297,3.220300095563289e-05,0.0048642230012774235
0.03251756699864927,0.027501974000188056,0.00043925799946009647,3.240699879825115e-05,0.005007963000025484
0.03303734200017061,0.026551569999355706,0.00044242400144867133,3.253700015193317e-05,0.004838482000195654
0.03191341999990982,0.0280082860008406,0.0004423869995662244,3.3461999919381924e-05,0.004833445000258507
0.03336597000088659,0.02712291999887384,0.00044372100092004985,3.27220004692208e-05,0.0047814459994697245
0.03243432599992957,0.029268984999362146,0.00044122100007371046,9.159299952443689e-05,0.004816816001039115
0.034668688000238035,0.029605781001009746,0.0004401280002639396,3.235199983464554e-05,0.005087296000056085
0.035221203999753925,0.028888801998618874,0.000550460999875213,3.994400140072685e-05,0.005721979001464206
0.03526198200052022,0.03309771200110845,0.0005390910009737127,4.077800076629501e-05,0.0053379250002763
0.03907200499997998,0.03360546899966721,0.000540738999916357,4.1093000618275255e-05,0.005286480998620391
0.03953205899961176,0.029368911000346998,0.00042403500083310064,3.214799835404847e-05,0.0047853159994701855
0.03465813199909462,0.02853558099923248,0.0004207399997540051,3.227799970773049e-05,0.004763852999531082
0.033798155000113184,0.02804010099862353,0.000423794999733218,3.214800017303787e-05,0.004734797999844886
0.033277174001341336,0.027922028000830323,0.0004749979998450726,3.103699964412954e-05,0.004767001000800519
0.0332406749985239,0.027907360999961384,0.00042760900032590143,3.1833000321057625e-05,0.004752741999254795
0.033164304000820266,0.028097527001591516,0.00042123899947910104,3.073999869229738e-05,0.004722945999674266
0.03331743399940024,0.02797913799986418,0.0004199799986963626,3.227700108254794e-05,0.004818093999347184
0.033295433000603225,0.028198674001032487,0.0004235359992890153,3.1536999813397415e-05,0.004774500999701559
0.03347543299969402,0.02798554599939962,0.0004210719998809509,3.111099977104459e-05,0.004738075998830027
0.03322230500089063,0.02802274900022894,0.000419332000092254,3.109199860773515e-05,0.004819279000003007
0.03333758099870465,0.028193322999868542,0.0004227760000503622,3.201799881935585e-05,0.004760130999784451
0.03345530400110874,0.028270877999602817,0.00042138700155192055,3.1648000003769994e-05,0.004732000999865704
0.03350752499864029,0.027809934999822872,0.00042112800110771786,8.348099981958512e-05,0.004758611999932327
0.03311862000009569,0.02823184099906939,0.00042299800043110736,3.2370999178965576e-05,0.004757890001201304
0.033491099000457325,0.028234638000867562,0.0004220909995638067,3.1444000342162326e-05,0.004774945000463049
0.03350959999988845,0.02786502799972368,0.0004749060008180095,3.2111000109580345e-05,0.004741834000014933
0.033158841000840766,0.027969267999651493,0.00042375800148874987,3.192600161128212e-05,0.004765853000208153
0.03323647099932714,0.02821721200052707,0.0004184240005997708,2.9852000807295553e-05,0.004735149001135142
0.03344597100112878,0.027919619999011047,0.0004719799999293173,3.266700150561519e-05,0.0053060919999552425
0.033781097999963094,0.028170989000500413,0.0004226649998599896,3.096200089203194e-05,0.004749538999021752
0.03342071099905297,0.028037322999807657,0.0004176460006419802,3.081400063820183e-05,0.004802927000127966
0.03333967400067195,0.02829952700085414,0.0004170729989709798,3.075899985560682e-05,0.0047498719995928695
0.0335434520002309,0.028261544999622856,0.00042068400034622755,3.1240999305737205e-05,0.004796723000254133
0.033558468998307944,0.02836482199927559,0.0004746470003738068,3.118499989795964e-05,0.004749039000671473
0.0336645250008587,0.027938379000261193,0.00041886899998644367,3.1722000130685046e-05,0.004754112000227906
0.03318861899970216,0.02854896899953019,0.0004187760005152086,3.0573999538319185e-05,0.005258666000372614
0.03430313399985607,0.028119008000430767,0.0004204239994578529,3.122199996141717e-05,0.004737241999464459
0.033353748000081396,0.027919935000682017,0.00045227600094222,3.242599996156059e-05,0.004759649000334321
0.03320928600078332,0.028151193000667263,0.0004239430018060375,3.0611001420766115e-05,0.004790760000105365
0.033447341000282904,0.027754398999604746,0.00041875699935189914,3.1259000024874695e-05,0.004716593999546603
0.03296745299849135,0.02780623099897639,0.0004219610000291141,3.185199966537766e-05,0.004790593999132398
0.0330962490006641,0.02814656400005333,0.00042957300138368737,3.177799953846261e-05,0.00477851899995585
0.033455914999649394,0.02800613900035387,0.00042910900083370507,3.127699892502278e-05,0.004754592999233864
0.03326617400125542,0.027966507999735768,0.0004257199998392025,3.099999958067201e-05,0.0047751300007803366
0.03324423099911655,0.027832119998493,0.0004192020005575614,3.066600038437173e-05,0.0047498719995928695
0.0330789529998583,0.027822232001199154,0.00042562800081213936,3.2111000109580345e-05,0.00483966799947666
0.033166192999487976,0.027718547000404214,0.0004198870010441169,3.066600038437173e-05,0.004764575000081095
0.03297993500018492,0.02810382300049241,0.0004236089989717584,3.17960002576001e-05,0.004748334999021608
0.03335246999995434,0.027757842999562854,0.00042222000047331676,3.1259000024874695e-05,0.004777112000738271
0.033033694000550895,0.027916230999835534,0.00043081299918412697,3.0240000342018902e-05,0.004783946000316064
0.03321386000061466,0.027524252000148408,0.0004237770008330699,3.188899972883519e-05,0.0047725200001877965
0.03279771399866149,0.02797680500043498,0.0004189430001133587,3.079599991906434e-05,0.004744965001009405
0.03321693399993819,0.02763880599923141,0.00042390599992359057,3.1351999496109784e-05,0.004788833999555209
0.032927175001532305,0.027920100999835995,0.0004174429996055551,3.0944998798076995e-05,0.0047350760014523985
0.0331504159985343,0.027783656998508377,0.0004221280014462536,3.25740002153907e-05,0.004781390000061947
0.03306436100137944,0.02819913799976348,0.0004226459986966802,3.0684999728691764e-05,0.004760427000292111
0.033481933000075514,0.027811046998976963,0.00048068399883050006,3.105500036326703e-05,0.004732613000669517
0.03323302599892486,0.028178099999422557,0.0004262950005795574,3.1813999157748185e-05,0.00494846299989149
0.03363141400041059,0.027891009000086342,0.0004255539988662349,3.196299985575024e-05,0.004788444999576313
0.03318317500088597,0.02806378599962045,0.0004290910001145676,3.235199983464554e-05,0.004757112999868696
0.033328062998407404,0.0280969899995398,0.00042657199992390815,3.2388999898103066e-05,0.004731630000605946
0.033333803999994416,0.0282733410003857,0.0004179239986115135,3.1556000976706855e-05,0.004791982000824646
0.033562081000127364,0.02809011899989855,0.0004238879992044531,3.0703000447829254e-05,0.004757982998853549
0.03334748900124396,0.028301933001785073,0.000423738998506451,3.0371000320883468e-05,0.004739316000268445
0.033541172999321134,0.027799953999419813,0.0004244800002197735,3.122199996141717e-05,0.004787760000908747
0.03308900900083245,0.02840134100006253,0.0004439799995452631,3.253700015193317e-05,0.005278128999634646
0.03420218999963254,0.027920861000893638,0.000425813001129427,2.975899951707106e-05,0.004723797999758972
0.03314956400026858,0.028096045998609043,0.0004954060004820349,3.2036001357482746e-05,0.004763519000334782
0.03343322899854684,0.02774654700078827,0.00042140500045206863,3.075899985560682e-05,0.004777242000272963
0.033022601000993745,0.02834737800003495,0.0004236089989717584,3.214800017303787e-05,0.004729093998321332
0.033579099999769824,0.027780157999586663,0.00042297999971196987,3.10929990519071e-05,0.004824686000574729
0.033103989999290206,0.028218044999448466,0.00042760900032590143,3.131400080746971e-05,0.004767685999468085
0.03349024700037262,0.02785799099910946,0.00042440600009285845,3.161099994031247e-05,0.004774353001266718
0.03313539800001308,0.028459839999413816,0.0004882579996774439,3.186999856552575e-05,0.004822778999368893
0.033849041999928886,0.027660953999657067,0.0004252199996699346,3.094400017289445e-05,0.0047614269988116575
0.03292917600083456,0.028360730000713374,0.0004242210015945602,3.1535999369225465e-05,0.0047168349992716685
0.033578747999854386,0.028090694000638905,0.00048172099923249334,3.1944000511430204e-05,0.004745705000459566
0.033396470000297995,0.027868565000972012,0.0004230350004945649,3.14070002787048e-05,0.004760129999340279
0.033129563998954836,0.027873601000464987,0.0004253130009601591,3.149999974993989e-05,0.004746242000692291
0.03312124900003255,0.02797678599927167,0.0004203689986752579,3.1555000532534905e-05,0.004799796999577666
0.03327387900026224,0.02811262000068382,0.0004215910012135282,3.1147999834502116e-05,0.004796815001100185
0.033412544000384514,0.028202971001519472,0.00042457200106582604,3.107399970758706e-05,0.00472394499956863
0.03343006300019624,0.02775369499977387,0.00042283199945813976,3.205599932698533e-05,0.004792649000592064
0.033046304999515996,0.02826817399909487,0.00041740600136108696,3.0351999157574028e-05,0.004773463999299565
0.033533080999404774,0.02787982399968314,0.0004203509997751098,3.144499896734487e-05,0.005295906001265394
0.03367346900085977,0.02840271099921665,0.00042368300091766287,3.129600008833222e-05,0.004740185999253299
0.03364400700047554,0.027759046000937815,0.0004284610004106071,3.177799953846261e-05,0.00476746400090633
0.03303319399856264,0.02833354500035057,0.0004274990005797008,3.1833000321057625e-05,0.0047963900015020045
0.03365384000062477,0.028241895999599365,0.00042627599941624794,3.166699934809003e-05,0.004768222999700811
0.03351415500037547,0.02830902599998808,0.00041581299956305884,3.1925999792292714e-05,0.0047705569995741826
0.03358033999938925,0.02799706399855495,0.0004249060002621263,3.151800046907738e-05,0.004805427000974305
0.03330441500111192,0.028066804999980377,0.00041848000000754837,3.053699947486166e-05,0.004809112000657478
0.033371378000083496,0.027927434999583056,0.00042612799916241784,3.196299985575024e-05,0.004770982000991353
0.03320247099873086,0.027984378999462933,0.00042225799916195683,3.175900019414257e-05,0.004809001000467106
0.03329321099954541,0.027807897999082343,0.0004258499993738951,3.138899955956731e-05,0.004744334999486455
0.03305513900158985,0.02828019300068263,0.0004517029992712196,3.224099964427296e-05,0.00530303699997603
0.034112855999410385,0.02787360199909017,0.00042240599941578694,3.1555000532534905e-05,0.004770945999553078
0.033143304999612155,0.027967083000476123,0.00041546100146661047,3.1424999178852886e-05,0.004772408999997424
0.03323334100059583,0.0276754170008644,0.00042668300011428073,3.199999991920777e-05,0.004730945000119391
0.03291171300043061,0.02793702800045139,0.00042186900100205094,3.064799966523424e-05,0.004963240999131813
0.03339906299879658,0.027840750000905246,0.00043796099998871796,3.248100074415561e-05,0.0047581859998899745
0.0331145270010893,0.028004304998830776,0.00042351699994469527,3.209300120943226e-05,0.004781779000040842
0.033287803998973686,0.027954565000982257,0.0004257199998392025,3.1944000511430204e-05,0.004754649000460631
0.03321319400129141,0.0280886010004906,0.0004799800008186139,3.303700032120105e-05,0.004777333999300026
0.03352865499982727,0.027931933998843306,0.00042601700079103466,3.2202999136643484e-05,0.004778520000400022
0.03321489699919766,0.027864009000040824,0.00042725700041046366,3.190700044797268e-05,0.004727889998321189
0.033095916000092984,0.027630287999272696,0.0004222389998176368,3.205500070180278e-05,0.004803592999451212
0.03293304600083502,0.02791661999981443,0.0004214060008962406,3.1147999834502116e-05,0.004754871000841376
0.033169989999805694,0.027499991998411133,0.0004227940007694997,3.25740002153907e-05,0.004780686998856254
0.03278271299859625,0.027843434998430894,0.00042255399966961704,3.2111000109580345e-05,0.00475311199988937
0.03309900900057983,0.027719953999621794,0.0004239049994794186,3.118600034213159e-05,0.004783131000294816
0.03300402700006089,0.027965620000031777,0.00042027699964819476,3.1555000532534905e-05,0.004745742000523023
0.03320850800082553,0.027770417000283487,0.0004264979997969931,3.261099845985882e-05,0.004722130999653018
0.03299686099853716,0.027987342999040266,0.00042710900015663356,3.1906998628983274e-05,0.004786649000379839
0.03327882300072815,0.02777195399903576,0.00047462799921049736,3.207400004612282e-05,0.0047117789999902016
0.03303700899959949,0.02793236100114882,0.0004239800000505056,3.1814999601920135e-05,0.004734242000267841
0.03316810000069381,0.027927768998779356,0.0004218499998387415,3.212899900972843e-05,0.004674982999858912
0.03313921299923095,0.027955174999078736,0.00042186899918306153,3.0019000405445695e-05,0.0047594820007361704
0.03321836000031908,0.028193119000206934,0.00041775799945753533,3.07039990730118e-05,0.004744167999888305
0.033434970000598696,0.028516729000330088,0.0004208689988445258,3.0870000045979396e-05,0.004746685999634792
0.033762580000257,0.028007730999888736,0.0004768879989569541,3.242599996156059e-05,0.004701630999988993
0.03326447099971119,0.028214730000399868,0.00042014700011350214,3.0315000913105905e-05,0.004759333998663351
0.033478821998869535,0.028259692999199615,0.00042227700032526627,3.177799953846261e-05,0.0047775559996807715
0.03353837700160511,0.02830685899971286,0.00041981299909821246,3.1944000511430204e-05,0.004736222999781603
0.033540099999299855,0.028132970999649842,0.0004239800000505056,3.31109986291267e-05,0.004743724000945804
0.033380229000613326,0.028478248001192696,0.00048227600018435623,3.246300002501812e-05,0.005333924998922157
0.034394466998492135,0.029250596000565565,0.0004972579990862869,3.5999999454361387e-05,0.006295700000919169
0.036131257000306505,0.028686413999821525,0.000441258000137168,3.090800055360887e-05,0.004697148999184719
0.033902393999596825,0.02760812199994689,0.00047873899893602356,3.3240999982808717e-05,0.0047790010012249695
0.03294486100094218,0.02780825000081677,0.0004655169996112818,3.2592999559710734e-05,0.00474687099995208
0.033100582999395556,0.02789604600002349,0.00045810899973730557,3.568499960238114e-05,0.004738112000268302
0.033174322999911965,0.028062620000127936,0.0004576840001391247,3.3629999961704016e-05,0.004792612000528607
0.03339834100006556,0.02770600999974704,0.0004769610004586866,3.411100078665186e-05,0.004801909000889282
0.033064731000195025,0.027749360999223427,0.0004243680014042184,3.1648000003769994e-05,0.004780463999850326
0.03316223000001628,0.02777226900070673,0.00041907299964805134,3.1147999834502116e-05,0.0047497790001216345
0.03301800900044327,0.02791891600099916,0.0004205349996482255,3.076000029977877e-05,0.004793259999132715
0.033210044999577804,0.02803369400135125,0.00042223999844281934,3.2500000088475645e-05,0.004778111999257817
0.03331326700026693,0.02794432300106564,0.0004213499996694736,3.262899917899631e-05,0.0047543339987896616
0.033199120000062976,0.027583510000113165,0.0004182209995633457,3.2222000299952924e-05,0.004759724000905408
0.03284017599980871,0.02825184199900832,0.00042457199924683664,3.214799835404847e-05,0.004709537999588065
0.033465247999629355,0.027730675999919185,0.00042297999971196987,3.255599949625321e-05,0.0052873879994876916
0.033519063001222094,0.02784584300025017,0.0004246099997544661,3.1648000003769994e-05,0.00478162999934284
0.033137526999780675,0.027766102000896353,0.0004759800012834603,3.2407000617240556e-05,0.004736889999549021
0.033057544998882804,0.028288488998441608,0.00042364600085420534,3.1667001167079434e-05,0.004732372000944451
0.03352226700008032,0.027958324000792345,0.0004249060002621263,3.170300078636501e-05,0.004724390999399475
0.033185656000569,0.028206322000187356,0.00042684999971243087,3.1703999411547557e-05,0.004738187000839389
0.03344913699947938,0.0279871019993152,0.00042748000123538077,3.157399987685494e-05,0.004753556999276043
0.033246656001210795,0.0283251000000746,0.00041962800059991423,3.14820008497918e-05,0.0047833529988565715
0.03360532199985755,0.02807389700137719,0.0004241459992044838,3.1444000342162326e-05,0.0047561489991494454
0.03333135899993067,0.028350544000204536,0.0004216659999656258,3.15549987135455e-05,0.004760630999953719
0.033610229000260006,0.027935231999435928,0.00042144200051552616,3.0870000045979396e-05,0.004784278999068192
0.033218285998373176,0.028147322998847812,0.0004234429998177802,3.079599991906434e-05,0.00475933400048234
0.03340730400122993,0.028085990001272876,0.00042622100045264233,3.177800135745201e-05,0.004772297001181869
0.03336191499874985,0.027758768999774475,0.00042255399966961704,3.099999958067201e-05,0.004789982000147575
0.03304799000034109,0.02762739900026645,0.0004790349994436838,3.170300078636501e-05,0.004709223998361267
0.03289395400133799,0.028433192001102725,0.00045533099910244346,3.107400152657647e-05,0.005179944000701653
0.034147022999604815,0.02781569400031003,0.0004202759992040228,3.1277000744012184e-05,0.004829407998840907
0.033141100999273476,0.028866153001217754,0.00046694299999217037,3.518499943311326e-05,0.004793316000359482
0.03420822699990822,0.027819675999126048,0.0004248690001986688,3.177800135745201e-05,0.004769315999510582
0.03309223100040981,0.027932898001381545,0.0004244249994371785,8.048099880397785e-05,0.004771370999151259
0.03325526700064074,0.027792138998847804,0.0004217949990561465,3.149999974993989e-05,0.004779500999575248
0.03307054600008996,0.028186563000417664,0.0004224240001349244,3.159299922117498e-05,0.004806315999303479
0.033493913999336655,0.027823953998449724,0.000420441998358001,3.2241001463262364e-05,0.0047744080002303235
0.03309756399903563,0.027712676999726682,0.0004251280006428715,3.113000093435403e-05,0.004750983000121778
0.03296550900086004,0.027619046999461716,0.0004192950000287965,3.120300061709713e-05,0.004709426999397692
0.03282456600027217,0.027866028000062215,0.00042038799983856734,3.1722000130685046e-05,0.004715482999017695
0.033079970999096986,0.027753008998843143,0.00042381399907753803,3.053600084967911e-05,0.004768111999510438
0.033027028001015424,0.028022713000609656,0.00041322000106447376,3.0369999876711518e-05,0.0047388160000991775
0.03325176699945587,0.02772874999936903,0.00041766499998630024,3.005600046890322e-05,0.00478196400035813
0.03300476799995522,0.02799600899925281,0.0004169059993728297,3.159200059599243e-05,0.004757778000566759
0.0332476929997938,0.02787936099957733,0.00047746199925313704,3.1259000024874695e-05,0.0047362599998450605
0.033168879001095775,0.027803045999462483,0.00042003599992312957,3.061099960177671e-05,0.004757038999741781
0.033057749998988584,0.027653028000713675,0.00042062800093845,3.0944998798076995e-05,0.004736630999104818
0.03288745300051232,0.027805212999737705,0.0004215909993945388,3.17960002576001e-05,0.004940740998790716
0.03324491599960311,0.02747788099986792,0.0004705909996118862,3.203699998266529e-05,0.0047743529994477285
0.032803584001158015,0.027747046999138547,0.0004245350010023685,3.111100159003399e-05,0.004762407999805873
0.03301021199877141,0.027480307000587345,0.0004258129993104376,3.0573999538319185e-05,0.00470946399946115
0.03269158500006597,0.02792736099945614,0.0004210169990983559,3.107399970758706e-05,0.0047290379989135545
0.033157156000015675,0.027510288999110344,0.0004236840013618348,3.111099977104459e-05,0.004765612000483088
0.032776453999758814,0.027768583000579383,0.00042253599895047955,3.159200059599243e-05,0.004757759999847622
0.03302510200046527,0.0279672489996301,0.0004206829999020556,3.148100040561985e-05,0.004881185999693116
0.03334558200003812,0.027899119999347022,0.0004221660001348937,3.237100099795498e-05,0.004743279001559131
0.03314152699931583,0.027869083000041428,0.00042627599941624794,3.1166000553639606e-05,0.004718631000287132
0.03309224900112895,0.027376622001611395,0.0004249619996699039,3.083299998252187e-05,0.004863279000346665
0.03274254699863377,0.027380252000511973,0.0004215730004943907,3.09450006170664e-05,0.004688038001404493
0.03256664000036835,0.02803993400084437,0.00042353499884484336,3.1741001293994486e-05,0.0047536679994664155
0.033295915000053355,0.02906189399982395,0.00042151699926762376,3.0259998311521485e-05,0.00487755699941772
0.03443793000042206,0.02787402700050734,0.0004234430016367696,3.072199979214929e-05,0.0046711310005775886
0.03304417499930423,0.02768539899989264,0.0004206279991194606,3.075899985560682e-05,0.0047337239993794356
0.0329158800013829,0.027716323998902226,0.0004274240000086138,3.124000068055466e-05,0.004695982999692205
0.03291758299928915,0.02769462100150122,0.00042559100074868184,3.094400017289445e-05,0.004707019999841577
0.03290426900093735,0.027929248999498668,0.0004260540008544922,2.9408000045805238e-05,0.004714352999144467
0.03315021199887269,0.02812534100121411,0.00041979499837907497,3.135100087092724e-05,0.0047763720012881095
0.03339880400017137,0.028384600000208593,0.00042314600068493746,3.107300108240452e-05,0.004682872000557836
0.03356667399930302,0.02817810099986673,0.00041644299926701933,3.120400106126908e-05,0.004664611999032786
0.03333515500162321,0.028518913999505457,0.0004219980000925716,3.101900074398145e-05,0.004713741998784826
0.03373054399889952,0.028539246999571333,0.0004153499994572485,3.083299998252187e-05,0.005195666000872734
0.03422800400039705,0.028343267000309424,0.00047340600031020585,3.0796001738053747e-05,0.004728723999505746
0.03362217399990186,0.028454747998694074,0.0004201100000500446,3.053699947486166e-05,0.004696538000644068
0.03364865399998962,0.028453136999814888,0.00041560899990145117,3.157399987685494e-05,0.004748241999550373
0.0336920249992545,0.028381488999002613,0.0004155910010013031,3.229600042686798e-05,0.004701909001596505
0.03357591500025592,0.028272415000174078,0.0004212019994156435,3.214800017303787e-05,0.004692038000939647
0.033475377000286244,0.028121119999923394,0.00047805400026845746,3.15549987135455e-05,0.004701167999883182
0.033383711999704246,0.028194544998768833,0.00041848000000754837,3.220300095563289e-05,0.004910297000606079
0.03360189500017441,0.027901230998395476,0.000428331999501097,3.248100074415561e-05,0.004685520001658006
0.03309532400089665,0.028073638000932988,0.00047961000018403865,3.25740002153907e-05,0.0047155199990811525
0.0333475819988962,0.0276844540003367,0.00041975800013460685,3.2611000278848223e-05,0.00470790900180873
0.03289013900030113,0.028161008000097354,0.0004218320009385934,3.214800017303787e-05,0.004712982001365162
0.03337382199970307,0.02786176900008286,0.0004250170004524989,3.1147999834502116e-05,0.004733871999633266
0.0330974900007277,0.02781482499995036,0.00042449900138308294,3.1351999496109784e-05,0.004720464001366054
0.033037897999747656,0.028240063000339433,0.0004260540008544922,3.1259000024874695e-05,0.004688315999374026
0.033571562000361155,0.02762769500077411,0.00030664699988847133,3.9832999391364865e-05,0.004844908999075415
0.03286700999888126,0.02744312200047716,0.0003003510009875754,4.199999966658652e-05,0.00486551900030463
0.03270228800101904,0.027041863999329507,0.0003044810000574216,3.9722999645164236e-05,0.004988130000128876
0.03241940000043542,0.026942309001242393,0.00035855500027537346,3.988900061813183e-05,0.004804390000572312
0.03219827099928807,0.027597233000051347,0.00030322100064950064,3.938900044886395e-05,0.004888630001005367
0.03287615800036292,0.028301117999944836,0.00030268399859778583,3.929699960281141e-05,0.004855612000028486
0.03354874700016808,0.027479417998620193,0.00030723900090379175,3.873999958159402e-05,0.004878388999713934
0.03274986199903651,0.027138696999827516,0.0003047029986191774,1.2278000212972984e-05,0.0
0.027511140000569867,0.02678314200056775,0.0003345180011820048,1.2869999409304e-05,0.0
0.027227234000747558,0.02785210199908761,0.0003256839991081506,1.2129999959142879e-05,0.0
0.02824637799858465,0.033575950999875204,0.00043875700066564605,3.133300015178975e-05,0.005028370000218274
0.039122468000641675,0.02707143800034828,0.0004449620009836508,3.4037000659736805e-05,0.004783111999131506
0.03238104900083272,0.026991401999111986,0.00043634999929054175,3.199999991920777e-05,0.004736167000373825
0.032246048998786137,0.02904737499920884,0.000457461001133197,3.314800051157363e-05,0.004816946000573807
0.03440311499980453,0.027019512999686413,0.0004386099990369985,3.227799970773049e-05,0.004764741999679245
0.032307641000443255,0.02806563800004369,0.00044490599975688383,3.233399911550805e-05,0.004768204000356491
0.0333579149992147,0.02875633999974525,0.0004984610004612477,3.2573998396401294e-05,0.00481020499864826
0.034152505000747624,0.02884846900087723,0.0004388690013001906,3.2963000194285996e-05,0.004932407999149291
0.034301374000278884,0.02699051200033864,0.00045038700045552105,3.264800034230575e-05,0.004850482999245287
0.03237495599933027,0.02745610400052101,0.00044679500024358276,3.359200127306394e-05,0.0049113160002889344
0.03289965800104255,0.0287744510005723,0.00044823899952461943,3.227799970773049e-05,0.004863500998908421
0.03416996699888841,0.02713851199951023,0.00044136900032754056,3.2963000194285996e-05,0.004726297998786322
0.03238906700062216,0.02784287999929802,0.00043859099969267845,3.17960002576001e-05,0.004839074999836157
0.03321437900012825,0.02958913200018287,0.0004422390011313837,3.309299972897861e-05,0.0050140550010837615
0.03512692699951003,0.026805420999153284,0.0004473690005397657,3.122199996141717e-05,0.004868092999458895
0.03220995599986054,0.026791827998749795,0.0004393499984871596,3.227799970773049e-05,0.00484494500051369
0.03216362300008768,0.028796358001272893,0.0004415720013639657,3.36479988618521e-05,0.004917463000310818
0.03423926399955235,0.026823920999959228,0.00043638699935399927,3.340699913678691e-05,0.004781149000336882
0.03212840100059111,0.02798258300026646,0.0004408690001582727,3.253700015193317e-05,0.004723186999399331
0.0332272310006374,0.028876876000140328,0.0004394059997139266,3.366700002516154e-05,0.004964555999322329
0.03436580000015965,0.026986883000063244,0.00043483199988259,3.292499968665652e-05,0.0047795930004213005
0.03228902999944694,0.028271581999433693,0.0004380529990157811,3.25740002153907e-05,0.004843000999244396
0.03366678500060516,0.02793502799977432,0.000458128000900615,3.3350999729009345e-05,0.004795668000951991
0.03333682199991017,0.029063855999993393,0.00044183099998917896,3.2592999559710734e-05,0.004769111999848974
0.034361096999418805,0.027353215000402997,0.0004288680011086399,3.1424999178852886e-05,0.004810075000932557
0.03267736199995852,0.030303333000119892,0.0004519239992077928,3.2111000109580345e-05,0.004932518999339663
0.03577151699937531,0.02608549700016738,0.0003261099991505034,4.1851000787573867e-05,0.00495140699968033
0.031473070001084125,0.025984682999478537,0.0003050360010092845,3.786999877775088e-05,0.00482590800129401
0.031202293999740505,0.029892168000515085,0.0003149980002490338,4.116600030101836e-05,0.004962556000464247
0.03526620400043612,0.027095327001006808,0.0003115349991276162,3.9665999793214723e-05,0.004985445000784239
0.03248608499961847,0.027101456000309554,0.00030679500014230143,3.874100002576597e-05,0.004897075001281337
0.03240312299931247,0.028644987998632132,0.00038007200055290014,3.8519001464010216e-05,0.0048196679999819025
0.03393306100042537,0.028570414000569144,0.0003140539993182756,3.9278000258491375e-05,0.004889370999080711
0.033866080000734655,0.027326752000590204,0.0003134809994662646,1.2149001122452319e-05,0.0
0.027711934999388177,0.03275989900066634,0.00029983199965499807,1.2407999747665599e-05,0.0
0.03312650900079461,0.03304445399953693,0.00042601699897204526,3.259200093452819e-05,0.004754261000925908
0.03831211899887421,0.028479395999966073,0.00043870199988305103,3.279599877714645e-05,0.0053525540006376104
0.0343505599994387,0.02953400299884379,0.0004441840010258602,3.177699909429066e-05,0.004815574999156524
0.034873095000875765,0.027882880000106525,0.00045907299863756634,3.3074000384658575e-05,0.005062852000264684
0.03349274799984414,0.026483163001103094,0.0004431470006238669,3.305600148451049e-05,0.004844371000217507
0.03185653199943772,0.027273936999336,0.0005176829999982147,3.285100137873087e-05,0.004754500998387812
0.03262836200156016,0.02864374700038752,0.00044744300066668075,3.25740002153907e-05,0.0047646120001445524
0.03394119099903037,0.02741164100007154,0.000442497999756597,3.2666999686625786e-05,0.004801815999599057
0.03273695400093857,0.028971597999770893,0.0004380910013424,3.283299884060398e-05,0.004804445999980089
0.034298744998523034,0.02842365600008634,0.0004412950002006255,3.3259000701946206e-05,0.004904277999230544
0.03387239500079886,0.027656751000904478,0.0005054239991295617,3.305600148451049e-05,0.004792222998730722
0.03303723099998024,0.028560265998748946,0.0004334799996286165,3.3648000680841506e-05,0.00518748099966615
0.03426420799951302,0.02737188100036292,0.0004378499997983454,3.2092999390442856e-05,0.004927870999381412
0.03282145400044101,0.028383340999425855,0.0004377019995445153,3.253700015193317e-05,0.005090610999104683
0.03399156100022083,0.02746151099927374,0.0004363880016171606,3.285200000391342e-05,0.005282351001369534
0.03326080499937234,0.027440269999715383,0.00043599799937510397,3.209200076526031e-05,0.004964518000633689
0.03291963900119299,0.02787875000103668,0.00043634999929054175,3.381500027899165e-05,0.005126924999785842
0.033524191998367314,0.027513844001077814,0.00044197899842401966,3.203699998266529e-05,0.004914111999823945
0.03295050900123897,0.027621491000900278,0.00044510900079330895,3.3147998692584224e-05,0.004841612000745954
0.0329953979999118,0.02789306500017119,0.0005167199997231364,3.353700049046893e-05,0.004857223000726663
0.033372488998793415,0.029264542001328664,0.0004467760008992627,3.235100120946299e-05,0.005100850999951945
0.034893188001660747,0.027272844999970403,0.0004522579984040931,3.423999987717252e-05,0.00507896300041466
0.0328878429991164,0.02647153299949423,0.0004518310015555471,3.338900023663882e-05,0.0048985000012180535
0.03190419800012023,0.027339363001374295,0.0004442949993972434,3.3721998988767155e-05,0.004825388999961433
0.032694731999072246,0.027115622999190236,0.00043551700036914553,3.2814001315273345e-05,0.004810390000784537
0.032448141000713804,0.029438985000524553,0.0004485539993765997,3.320399991935119e-05,0.004847168000196689
0.03481629899943073,0.028952893999303342,0.0004458130006241845,3.3074000384658575e-05,0.004976629999873694
0.034468466001271736,0.026252848998410627,0.00044440599958761595,3.246300002501812e-05,0.004744760999528808
0.03152212599889026,0.027747231999455835,0.0004679239991673967,3.216699951735791e-05,0.004819130999749177
0.03311643400047615,0.027264492999165668,0.0004342579995864071,3.103699964412954e-05,0.004812278999452246
0.03259551100018143,0.028857154000434093,0.00044559100024343934,3.129600008833222e-05,0.0047937790004652925
0.03417917099977785,0.027901768999072374,0.0004454989993973868,3.229600042686798e-05,0.004785667000760441
0.03321980500004429,0.02839398899959633,0.0004467769995244453,3.225900036341045e-05,0.004859964001298067
0.03389645000061137,0.026675828999941587,0.0004298880012356676,3.337099951750133e-05,0.00479022299987264
0.031983345999833546,0.027520992000063416,0.0004278129999875091,3.177799953846261e-05,0.0048151120008697035
0.03285212099945056,0.028936839000380132,0.0005071650011814199,3.7444999179570004e-05,0.004767426999023883
0.03429707900068024,0.02917433800030267,0.0004467569997359533,2.988900087075308e-05,0.004929390001052525
0.03463118800027587,0.026909068001259584,0.0004480909992707893,3.157399987685494e-05,0.004799205000381335
0.03223897499992745,0.02735486300116463,0.0004403689999890048,3.283299884060398e-05,0.004821520000405144
0.03270014000008814,0.028579599000295275,0.0004431830002431525,3.3240999982808717e-05,0.004774741999426624
0.033878264999657404,0.02815904499948374,0.00044866499956697226,3.157299943268299e-05,0.004819093001060537
0.03351354400001583,0.027175455999895348,0.000440665000496665,3.270299930591136e-05,0.005037759001425002
0.03273806600009266,0.027798193999842624,0.00043618400013656355,3.314800051157363e-05,0.004762705000757705
0.03308369299884362,0.027971583000180544,0.00043459099833853543,3.2203999580815434e-05,0.004728779000288341
0.03322962000129337,0.029469799001162755,0.00043121999988215975,3.244400068069808e-05,0.0049140940009237966
0.03490013199916575,0.02882493200013414,0.0004342949996498646,3.23330004903255e-05,0.005073018999610213
0.03441165200092655,0.026912160999927437,0.0004377570003271103,3.174099947500508e-05,0.004862464000325417
0.032297677998940344,0.028429432999473647,0.0004295350008760579,3.1259000024874695e-05,0.004966982000041753
0.033906153999851085,0.027551122000659234,0.000434165000115172,3.2222000299952924e-05,0.004933000000164611
0.033001120000335504,0.02691119799965236,0.00044864700066682417,3.348099926370196e-05,0.004790372000570642
0.03223366000020178,0.02932963400053268,0.00044499799878394697,3.312899934826419e-05,0.0049689820007188246
0.03482392899968545,0.02732243700120307,0.00044959100159758236,3.259199911553878e-05,0.004887907998636365
0.03274454699931084,0.026586365998809924,0.00045257300007506274,3.477800055406988e-05,0.004768389999298961
0.03189647600083845,0.02752076999968267,0.0004374609998194501,3.418500091356691e-05,0.004800685999725829
0.03288021300068067,0.029244301000289852,0.0004352949999884004,3.168500006722752e-05,0.005242609999186243
0.035012149999602116,0.037638861998857465,0.0005444609996629879,4.146200080867857e-05,0.005366276998756803
0.04364911799893889,0.03248558500126819,0.0005552389993681572,3.987099989899434e-05,0.005356276999009424
0.038494785001603304,0.02989476099901367,0.0004361459996289341,3.1814999601920135e-05,0.005357646999982535
0.035767407000093954,0.027220419000514084,0.00044318400068732444,3.1278001188184135e-05,0.004727574998469208
0.032469010999193415,0.027239604001806583,0.0004381279995868681,3.275900053267833e-05,0.004758093999043922
0.03251586300029885,0.027308195998557494,0.0004379420006443979,3.138899955956731e-05,0.004734592999739107
0.03255828799956362,0.027347029999873484,0.00043498000013642013,3.133300015178975e-05,0.004696093999882578
0.03255512199939403,0.027403881000282126,0.0004277579992049141,3.155599915771745e-05,0.004674798001360614
0.032583455000349204,0.027239307999479934,0.00043172000005142763,3.3481001082691364e-05,0.004734909000035259
0.032485067000379786,0.02742039999975532,0.00048097999933816027,3.1147999834502116e-05,0.00468750199979695
0.03266519499993592,0.027566102999116993,0.0004305909988033818,3.177800135745201e-05,0.004696186999353813
0.0327695659998426,0.027638564999506343,0.00043725799878302496,3.1666000722907484e-05,0.004729705000499962
0.03288297200015222,0.027719435000108206,0.00043075800022052135,3.327699960209429e-05,0.0046672059997945325
0.03290160200049286,0.02766921399961575,0.0004339060014899587,3.25740002153907e-05,0.004753297000206658
0.03293382399897382,0.027670473000398488,0.0005090540016681189,3.185199966537766e-05,0.004716612000265741
0.03297376900081872,0.02780028699999093,0.0004290729993954301,3.214800017303787e-05,0.004708205000497401
0.03301582399944891,0.027865231999385287,0.00043538799945963547,3.31110004481161e-05,0.004679538000345929
0.03306058300040604,0.027666973001032602,0.0004334620007284684,3.225900036341045e-05,0.004745759999423171
0.032923786999162985,0.027601103000051808,0.0004872389999945881,3.151800046907738e-05,0.004726704999484355
0.03289288000087254,0.02770412100107933,0.00042710900015663356,3.2203999580815434e-05,0.004686371999923722
0.0329017499989277,0.02781856500041613,0.00042433099952177145,3.15549987135455e-05,0.00470759400013776
0.033026694000000134,0.027797935999842593,0.00041942400093830656,3.06289985019248e-05,0.0047285939999710536
0.0330210280008032,0.02759278800112952,0.00047972100037441123,3.2240001019090414e-05,0.004690167999797268
0.03284606499983056,0.027764083999500144,0.0004915540012007114,3.6426001315703616e-05,0.004731224000352086
0.0330690089995187,0.027427437000369537,0.0004479060007724911,3.7185000110184774e-05,0.005221055000220076
0.033181841999976314,0.02973461300098279,0.0004221459985274123,3.17960002576001e-05,0.004713186999651953
0.03494605700143438,0.027944009001657832,0.00046799800111330114,3.2111000109580345e-05,0.00497200000063458
0.03346165599941742,0.027811751000626828,0.0004236839995428454,3.1147999834502116e-05,0.004741148999528377
0.033053193999876385,0.027736620999348816,0.00043059200106654316,3.1259000024874695e-05,0.004705778999777976
0.03294915699916601,0.02749256700008118,0.00045209100062493235,3.7092000638949685e-05,0.00483931499911705
0.032866102001207764,0.027341603999957442,0.0004979799996362999,3.2981000913423486e-05,0.004712167999969097
0.03263088099993183,0.027301121999698807,0.0004298690000723582,3.161099994031247e-05,0.004800370999873849
0.03260967700043693,0.02681871599997976,0.0004360349994385615,3.1813999157748185e-05,0.005082944000605494
0.03241673399861611,0.026047516001199256,0.00031251700056600384,3.535200085025281e-05,0.005205517998547293
0.031649570000809035,0.025959163998777512,0.0003227029992558528,4.107400127395522e-05,0.005140277000464266
0.031512180999925476,0.025811775998590747,0.00032005399953050073,4.014799924334511e-05,0.0049844630011648405
0.031207681999148917,0.02672658800111094,0.0003094990006502485,3.881500015268102e-05,0.004968610999640077
0.032099327001560596,0.02763641700039443,0.00031542500073555857,3.766599911614321e-05,0.00485696400028246
0.032902936000027694,0.028446451999116107,0.0004077950015926035,4.209200051263906e-05,0.004878259998804424
0.03383237599882705,0.027589083998464048,0.0003117020005447557,4.144400008954108e-05,0.00488001899975643
0.03288417700059654,0.02798243500001263,0.0003108140008407645,1.2202999641885981e-05,0.0
0.02836174799995206,0.03281826899910811,0.0003104429997620173,1.1963000360992737e-05,0.0
0.03319637899949157,0.03295493600126065,0.00030585099921154324,1.1277999874437228e-05,0.0
0.03332671099997242,0.03293210199990426,0.00030894299925421365,1.1815000107162632e-05,0.0
0.033307007999610505,0.0330083979988558,0.00031077700077730697,1.2055999832227826e-05,0.0
0.03339234100167232,0.03177345800031617,0.00031514699912804645,1.174099998024758e-05,0.0
0.0321534389986482,0.03451391099952161,0.00044151700058137067,3.196299985575024e-05,0.004772722999405232
0.039818113000364974,0.028124193999246927,0.0005269239991321228,3.2887999623198994e-05,0.004778168000484584
0.03351293400010036,0.028211823000674485,0.00044362800144881476,3.1517998650087975e-05,0.004746852999232942
0.033484413999758544,0.028087415999834775,0.0004389610003272537,3.255600131524261e-05,0.004820629999812809
0.03343761900032405,0.02834754500145209,0.0004341830008343095,3.166699934809003e-05,0.0047912790014379425
0.03365363599914417,0.027945656998781487,0.0004380169993964955,3.225900036341045e-05,0.004772018999574357
0.03323799000099825,0.02713930900063133,0.0004416839983605314,3.301800097688101e-05,0.004758371000207262
0.03242747399963264,0.028001508999295766,0.00043101699884573463,8.725900079298299e-05,0.004764593999425415
0.03333674900022743,0.02926119000039762,0.00043912799992540386,3.366700002516154e-05,0.004768298000271898
0.034555206999357324,0.02935094799977378,0.00043086900041089393,3.1536999813397415e-05,0.004972537000867305
0.034941502000947366,0.02702329000021564,0.0004308320003474364,3.314800051157363e-05,0.004953815001499606
0.03249214099923847,0.027081382999313064,0.00043735100007324945,3.274099981354084e-05,0.004772796999532147
0.03237210400038748,0.027161215999512933,0.00043831299990415573,3.48150006175274e-05,0.00475296399963554
0.032456103999720654,0.02972372499971243,0.00043946199912170414,3.1407998903887346e-05,0.005062500000349246
0.03530577799938328,0.02693862399974023,0.00043492399890965316,3.177800135745201e-05,0.0047672420005255844
0.03222754900161817,0.028516970000055153,0.00049810900054581,3.1684998248238117e-05,0.004817185999854701
0.03391298699898471,0.027877102000275045,0.00043829500100400764,3.170400123053696e-05,0.004836742000406957
0.03323806400112517,0.027809324999907403,0.00043316499977663625,3.2388999898103066e-05,0.0047654270001658006
0.03309243499825243,0.026946697998937452,0.0004372200000943849,3.366700002516154e-05,0.005380536000302527
0.03284763900046528,0.028185488999952213,0.00043807200017909054,3.301899960206356e-05,0.004824538000320899
0.0335296000012022,0.02822156399997766,0.00043129500045324676,3.159200059599243e-05,0.004748741001094459
0.03348454499973741,0.030120315999738523,0.00044523900032800157,3.212899900972843e-05,0.005048332999649574
0.03569903599964164,0.026838290999876335,0.00043275800089759286,3.205500070180278e-05,0.004979982000804739
0.03233093800008646,0.026553977999355993,0.0004430349999893224,3.385200034244917e-05,0.004768556998897111
0.03184803099975397,0.027166586000021198,0.0004342759984865552,3.2611000278848223e-05,0.004733260999273625
0.03241438199984259,0.02884328300024208,0.0004335729990998516,3.285099955974147e-05,0.004816075001144782
0.0341740790008771,0.026672347001294838,0.0004358320002211258,3.216699951735791e-05,0.0047632969999540364
0.03195719799987273,0.028424174000974745,0.0004780729996127775,3.4407999919494614e-05,0.004752020000523771
0.03376222899896675,0.027363863999198657,0.0004327400001784554,3.2111000109580345e-05,0.0047756129988556495
0.03265571399970213,0.029378966999502154,0.00043498000013642013,3.235199983464554e-05,0.00472442700083775
0.034616614000697155,0.029457189000822837,0.0004294800000934629,3.212899900972843e-05,0.0051975370006402954
0.035168890999557334,0.027057753000917728,0.0004382030001579551,3.2500000088475645e-05,0.00505588899977738
0.03263406600126473,0.02686814200023946,0.0004394429997773841,3.326000114611816e-05,0.004805370999747538
0.03219495599842048,0.026879956998527632,0.00043907299914280884,3.205500070180278e-05,0.0047652969988121185
0.0321706600007019,0.02998116900016612,0.00043410900070739444,3.0982000680523925e-05,0.004933871001412626
0.03543522300060431,0.027074753001215868,0.00044190600056026597,3.340800139994826e-05,0.004747557000882807
0.03235275199949683,0.028881468999315985,0.0004989240005670581,3.314800051157363e-05,0.0048370570002589375
0.03429959700042673,0.028000416999930167,0.00043609100066532847,3.1649000447941944e-05,0.004951093000272522
0.033468063000327675,0.027340344999174704,0.0004438500000105705,3.3629999961704016e-05,0.004802575000212528
0.03267554800004291,0.029567170000518672,0.00043272100083413534,3.436999941186514e-05,0.005082314999526716
0.035165389999747276,0.027137919001688715,0.00043686900062311906,3.231500159017742e-05,0.005044962999818381
0.03270589899875631,0.02708990199971595,0.0004399800000101095,3.1648000003769994e-05,0.004817371000171988
0.03243110400035221,0.027554214000701904,0.0004407209999044426,3.331500010972377e-05,0.0048108159990079
0.03290191700034484,0.02927750400158402,0.0004357569996500388,3.1998999475035816e-05,0.005167239998627338
0.03496074299982865,0.026679421000153525,0.00043542399907892104,3.096300133620389e-05,0.004850241999520222
0.032043679000707925,0.027236197000092943,0.00044407200039131567,3.188799928466324e-05,0.004860686000029091
0.03265288100010366,0.027694399001120473,0.0005146650000824593,3.2887999623198994e-05,0.0047762970007170225
0.03306976800013217,0.028122935000283178,0.0004471280008147005,3.6388999433256686e-05,0.004934814998705406
0.03359002499928465,0.02673310600039258,0.00043199799983995035,3.338900023663882e-05,0.004736593999041361
0.03198314300061611,0.029701966001084656,0.0004382580009405501,3.21850002364954e-05,0.00489920399922994
0.035119297999699484,0.02687690199854842,0.0004397390002850443,3.338799979246687e-05,0.004825777999940328
0.032224233998931595,0.027216529999350314,0.00043233200085524004,3.1906998628983274e-05,0.005070629998954246
0.032803436000904185,0.028442098999221344,0.0004402760005177697,3.309299972897861e-05,0.004828537999856053
0.033794857999964734,0.02702232699994056,0.0004879059997620061,3.331399966555182e-05,0.004755279000164592
0.03235088200017344,0.029157855999073945,0.0004279429995222017,3.1555000532534905e-05,0.004726761000711122
0.03439641099976143,0.029265301000123145,0.0004380170012154849,3.3628999517532066e-05,0.0051315359996806365
0.034918631999971694,0.02632790400093654,0.0004425349998200545,3.18709990096977e-05,0.004799261001608102
0.031650217999413144,0.028227101000084076,0.00043396100045356434,3.253700015193317e-05,0.005893478999496438
0.03464231799989648,0.03151388500009489,0.0004597200004354818,3.5167000532965176e-05,0.0049610369987931335
0.03701749500032747,0.027151067000886542,0.0004320719999668654,3.183399894624017e-05,0.005094074000226101
0.03275482500066573,0.02684021700042649,0.00043318299867678434,3.1239998861565255e-05,0.005006760000469512
0.032358917998863035,0.02761180599918589,0.000438683000538731,3.2611000278848223e-05,0.005016851999243954
0.03314713899999333,0.02691443900039303,0.0004352949999884004,3.1259000024874695e-05,0.005162591998669086
0.03259286200045608,0.027185048998944694,0.0004940359995089239,4.6777999159530737e-05,0.005103408000650234
0.032878603000426665,0.0271672889994079,0.00042825799937418196,3.131400080746971e-05,0.004897519000223838
0.03257658400070795,0.027255362998403143,0.0004446840011951281,3.244400068069808e-05,0.004840167001020745
0.03262202899895783,0.02748180700109515,0.0004764800014527282,3.3055999665521085e-05,0.004780278999533039
0.032820435999383335,0.030337888998474227,0.0004365719996712869,3.435200051171705e-05,0.005025370999646839
0.035883240001567174,0.027060456000981503,0.0004382580009405501,3.1906998628983274e-05,0.004943427000398515
0.032522806999622844,0.02964720700038015,0.0004375729986350052,3.22600008075824e-05,0.004906501000732533
0.03507433499908075,0.027418603998739854,0.00043796099998871796,3.25740002153907e-05,0.005023425999752362
0.03296126799978083,0.02712542000153917,0.00043818399899464566,3.27969992213184e-05,0.004924759999994421
0.03257106700039003,0.026852068998778122,0.00043022099998779595,3.1574001695844345e-05,0.005063554999651387
0.03242525200039381,0.02668436599924462,0.00043212799937464297,3.1425999623024836e-05,0.004802501000085613
0.0320010129998991,0.02947618899997906,0.0004407939995871857,3.161099994031247e-05,0.005618220000542351
0.035616740000477876,0.026893808999375324,0.0004352020005171653,3.283299884060398e-05,0.005246314000032726
0.03265825099879294,0.027125679000164382,0.00043605399878288154,3.231499977118801e-05,0.004829759998756344
0.03247193700008211,0.02802825000071607,0.0004409240009408677,3.253700015193317e-05,0.004852501000641496
0.0334090450014628,0.02795980500013684,0.00043707300028472673,3.174099947500508e-05,0.004935685999953421
0.03341141499913647,0.02784954600065248,0.0004320169991842704,3.279599877714645e-05,0.0047860940012469655
0.03315154600022652,0.02755323299970769,0.0004354430002422305,3.216699951735791e-05,0.004853742000705097
0.03292310200049542,0.02844950799953949,0.0004339059996709693,3.283400110376533e-05,0.0052601289989979705
0.03422835699893767,0.0275817139990977,0.0004256649990566075,3.2130001272889785e-05,0.004907648999505909
0.032995194000250194,0.02724371499971312,0.0004331460004323162,3.2407000617240556e-05,0.004814723000890808
0.03257149199998821,0.028211638000357198,0.0004402389986353228,3.2129000828717835e-05,0.004779741999300313
0.03351221100092516,0.0280282490002719,0.0004939239988743793,3.266600106144324e-05,0.004777779000505689
0.033382341998731135,0.02833600800113345,0.00043966500015812926,3.155599915771745e-05,0.004832908000025782
0.03380187600123463,0.027858843001013156,0.0004320540010667173,3.23329986713361e-05,0.005175202999453177
0.03354813700025261,0.026978679999956512,0.0004375909993541427,3.185099922120571e-05,0.004860648999965633
0.03236591899985797,0.02727990099992894,0.000446443000328145,3.253700015193317e-05,0.004794038000909495
0.03260071399927256,0.0287985610011674,0.00044098000034864526,3.196299985575024e-05,0.004770760000610608
0.03409144999932323,0.027574177000133204,0.00043673899926943704,3.3203001294168644e-05,0.004806538001503213
0.03290108400142344,0.028764173001036397,0.0004414430004544556,3.0684999728691764e-05,0.0049649069987935945
0.03424905999963812,0.027019735000067158,0.000441258000137168,3.3166999855893664e-05,0.004934778000460938
0.03247904799900425,0.027874694000274758,0.0004374610016384395,3.077799919992685e-05,0.004876963999777217
0.03327565700055857,0.027383621998524177,0.0005045719990448561,3.35730001097545e-05,0.004777370999363484
0.03275076899990381,0.029367540999373887,0.0004327570004534209,3.149999974993989e-05,0.0049145369994221255
0.03482061400063685,0.027064383000833914,0.00043907299914280884,3.2592999559710734e-05,0.004850149000048987
0.03243710399874544,0.027728714001568733,0.00044185099977767095,3.353700049046893e-05,0.004809093999938341
0.03306232300019474,0.029658818000825704,0.0004346650002844399,3.1814999601920135e-05,0.005123074000948691
0.035297760001412826,0.027564826001253095,0.000432794999142061,3.183399894624017e-05,0.005161240000234102
0.03323752699907345,0.02718401200036169,0.00043507199916348327,3.224099964427296e-05,0.004943500000081258
0.03264469600071607,0.0274496399997588,0.0004417019990796689,3.2963000194285996e-05,0.004862760000833077
0.032837101998666185,0.026729901999715366,0.0004430540011526318,3.3648000680841506e-05,0.00477622399921529
0.032036198001151206,0.02830652599914174,0.0004947390007146169,3.266700150561519e-05,0.004843259999688598
0.03373089599881496,0.027460066999992705,0.0004349980008555576,3.261099845985882e-05,0.004853593000007095
0.03284428700135322,0.02940789300009783,0.0004890350010100519,3.6796000131289475e-05,0.004996129999199184
0.03498768799909158,0.035311944999193656,0.0005723679987568175,4.2222000047331676e-05,0.00534929500099679
0.041335071000503376,0.033186786000442225,0.0006005350005580112,4.1481000152998604e-05,0.005284480001137126
0.03917209800056298,0.030862757999784662,0.00041385000076843426,3.083299998252187e-05,0.004731353001261596
0.03608368299865106,0.028072471000996302,0.00042425799983902834,3.140800072287675e-05,0.00472677899961127
0.033300638000582694,0.028062157000022125,0.0004199430004518945,3.159300104016438e-05,0.004775353001605254
0.03333500799999456,0.028037971998855937,0.0004127770007471554,3.1260000469046645e-05,0.0047240019994205795
0.03325219299949822,0.027857806000611163,0.0004198690003249794,3.187000038451515e-05,0.004708705000666669
0.033064417000787216,0.028018805000101565,0.00041725800110725686,3.1166000553639606e-05,0.004731463999632979
0.033244786000068416,0.02814065700113133,0.000424461999500636,3.174099947500508e-05,0.004745870999613544
0.03338882299976831,0.02792204599973047,0.0004216470006213058,3.138899955956731e-05,0.004707555999630131
0.03312835999895469,0.028074972000467824,0.00042440600009285845,3.075899985560682e-05,0.004695167999670957
0.033271490001425263,0.02800189799927466,0.0004745350015582517,3.159300104016438e-05,0.004714149001301848
0.033268342000155826,0.02771689899964258,0.0004177940008958103,3.081499926338438e-05,0.004697409000073094
0.03290826800002833,0.02819911900041916,0.00042475699956412427,3.0851999326841906e-05,0.004702018999523716
0.03340156400008709,0.027833417001602356,0.00041846100066322833,3.09450006170664e-05,0.004727741999886348
0.03305624999848078,0.028042824000294786,0.00041423900074732956,3.144399852317292e-05,0.004680722999182763
0.03321400800086849,0.02807954499985499,0.00042057300015585497,3.1833000321057625e-05,0.004679482999563334
0.033257267999943,0.028134137999586528,0.00042112799928872846,3.107399970758706e-05,0.004729705000499962
0.03336182199927862,0.028171545000077458,0.0004207939982734388,3.31110004481161e-05,0.004692222999437945
0.0333637310013728,0.028047768000760698,0.0004225170014251489,3.264800034230575e-05,0.004682352999225259
0.03323069299949566,0.028215434000230744,0.0004220910013827961,3.2203999580815434e-05,0.00473863099978189
0.03345991499918455,0.02847556300002907,0.00044361000072967727,3.2130001272889785e-05,0.004753186000016285
0.03375222900103836,0.029323319000468473,0.000421239999923273,3.146299968648236e-05,0.004819946001589415
0.03464185499979067,0.02813926799899491,0.000419201998738572,3.076000029977877e-05,0.005349054999896907
0.03398376499899314,0.028030138000758598,0.00042399899939482566,3.3147998692584224e-05,0.0048027600005298154
0.03333578599995235,0.027873934999661287,0.0004820909998670686,3.140800072287675e-05,0.00476090799929807
0.03319417500097188,0.027734177001548233,0.00041964699994423427,3.3461999919381924e-05,0.004782001000421587
0.033015471999533474,0.027860546000738395,0.0004195729998173192,3.1000001399661414e-05,0.0047755939995113295
0.0331338420000975,0.027924990999963484,0.0004192770011286484,3.2481999369338155e-05,0.004805537999345688
0.03323274899958051,0.027937584000028437,0.0004177210012130672,3.118499989795964e-05,0.004754871999466559
0.03318784200018854,0.02792782399956195,0.0004239800000505056,3.090700010943692e-05,0.004719630998806679
0.03314795400001458,0.028064915999493678,0.000424443000156316,3.10929990519071e-05,0.0047691679992567515
0.033335821999571635,0.027780436001194175,0.00047486900075455196,3.227699926355854e-05,0.004746557000544271
0.033080806000725715,0.027900510000108625,0.0004244800002197735,3.1055998988449574e-05,0.004731483000796288
0.0331390459996328,0.027938194998569088,0.00042310900062147994,3.025899968633894e-05,0.004706853000243427
0.033144249000542914,0.028049249000105192,0.0004672759987442987,3.1370000215247273e-05,0.004719372000181465
0.0333198230000562,0.0277664539989928,0.00041599799988034647,3.21850002364954e-05,0.0047162419996311655
0.03297937999923306,0.027992823999738903,0.0004234429998177802,3.094400017289445e-05,0.004685093999796663
0.033192230001077405,0.027814547000161838,0.0004165350001130719,3.088899939029943e-05,0.0048280009996233275
0.03313558300033037,0.028369896999720368,0.0004170359989075223,3.0406999940169044e-05,0.004728945999886491
0.0335939699998562,0.028044749999025953,0.0004211089999444084,3.148100040561985e-05,0.004682352999225259
0.03324073099975067,0.027910602000702056,0.0004172019998804899,3.116699917882215e-05,0.004733872001452255
0.033137693999378826,0.028000712998618837,0.00042677700002968777,3.107399970758706e-05,0.004722927000329946
0.03322669400040468,0.028096897000068566,0.0004223500000080094,3.0295999749796465e-05,0.004702668000390986
0.03329732299971511,0.027928843001063797,0.00041711000085342675,3.2592999559710734e-05,0.004735705000712187
0.033160434000819805,0.028205175000039162,0.00047742400056449696,3.2908001230680384e-05,0.00474815000052331
0.03350902599959227,0.02814237900020089,0.00042485000085434876,3.1648000003769994e-05,0.004691222999099409
0.033342859998811036,0.028039082999384846,0.00042207200021948665,3.133300015178975e-05,0.004729000998850097
0.033275971001785365,0.02819350800018583,0.00042547999873931985,3.294500129413791e-05,0.004711390000011306
0.033409007999580353,0.028211840999574633,0.00042368300091766287,3.138899955956731e-05,0.004712390000349842
0.033424729999751435,0.027984341999399476,0.00042901600136247,3.146199924231041e-05,0.004757407999932184
0.033250100999794086,0.028459211000154028,0.00041594299909775145,4.9480999223305844e-05,0.004743760999190272
0.03371583999978611,0.02952607800034457,0.0004223500000080094,3.1722000130685046e-05,0.004808111998499953
0.03483400299955974,0.029308338000191725,0.0004184989993518684,3.05560006381711e-05,0.0047522789991489844
0.03455544800090138,0.028662135999184102,0.00048705399967730045,3.262899917899631e-05,0.004744279000078677
0.03397778299950005,0.028325618999588187,0.00042935000055877026,3.1555000532534905e-05,0.004782205000083195
0.03361569300068368,0.02848724800060154,0.0004300170003261883,3.148100040561985e-05,0.004852556998230284
0.03397509800015541,0.028404341001078137,0.0004844049999519484,3.3147998692584224e-05,0.004772722999405232
0.033741821000148775,0.02805195400105731,0.00048564600001554936,3.209200076526031e-05,0.004764593999425415
0.03338213799906953,0.028297896998992655,0.00045283100007509347,3.246300002501812e-05,0.004744481999296113
0.033573729000636376,0.028302877999522025,0.00043207299859204795,3.338900023663882e-05,0.004731298000479001
0.03354561899868713,0.02852811899902008,0.00043120200098201167,3.168500006722752e-05,0.004792946001543896
0.03382998699999007,0.02818571199895814,0.0004298509993532207,3.35000004270114e-05,0.0047659270003350684
0.0334620450012153,0.028563080999447266,0.00043409099998825695,3.227799970773049e-05,0.004801222999958554
0.03387680199921306,0.02818758300054469,0.0004397949996928219,3.3370000892318785e-05,0.004741778999232338
0.03344947100049467,0.028546229001221946,0.0004301839999243384,3.2222000299952924e-05,0.004741242000818602
0.03379617300015525,0.028306434000114677,0.0004838130007556174,3.144399852317292e-05,0.004737352999654831
0.033604173999265186,0.02854913699957251,0.00042851700163737405,3.2869998904061504e-05,0.004772649999722489
0.03383376600140764,0.027929657999266055,0.0004319609997764928,3.3240999982808717e-05,0.004823074999876553
0.03326906299844268,0.02860948799934704,0.0004265349998604506,3.1463001505471766e-05,0.004845020001084777
0.03396291399985785,0.02823845300008543,0.00045575799958896823,3.17960002576001e-05,0.00482844600082899
0.033603525000216905,0.028107731001000502,0.0005099059999338351,3.2573998396401294e-05,0.004883427000095253
0.03358508100063773,0.027921695000259206,0.00045212799886940047,3.425899922149256e-05,0.0049371489985787775
0.033395304999430664,0.028488247999121086,0.0004319609997764928,3.2111000109580345e-05,0.005038758999944548
0.034041468001305475,0.02807687899985467,0.0004261459998815553,3.1702998967375606e-05,0.0049972779997915495
0.033579877999727614,0.02839667399894097,0.00043286900108796544,3.2908001230680384e-05,0.005040185998950619
0.033950449998883414,0.02831123000032676,0.0004323129996919306,3.25740002153907e-05,0.005029480998928193
0.03385321000132535,0.028526432999569806,0.00042973900053766556,3.285099955974147e-05,0.004913944998406805
0.03409083899896359,0.028255175000595045,0.00042879500142589677,3.198200101905968e-05,0.0049377779996575555
0.03370287700090557,0.028245192999747815,0.0004779049995704554,3.4406999475322664e-05,0.00555714700021781
0.03436198599956697,0.02808686000025773,0.000478758000099333,3.2130001272889785e-05,0.0048500009997951565
0.033495674000732834,0.030473814000288257,0.0006167569990793709,3.314800051157363e-05,0.004798741998456535
0.03597220199844742,0.02855535900016548,0.0004525540007307427,3.3999998777289875e-05,0.0048383710000052815
0.03392974700000195,0.02817824900012056,0.0005090540016681189,3.387000106158666e-05,0.004876075001448044
0.0336459879999893,0.027990417000182788,0.00044846200034953654,3.355599983478896e-05,0.004911722999167978
0.03343328600021778,0.0286345619988424,0.0004501090006669983,3.3906999306054786e-05,0.005111333000968443
0.03427668900076242,0.027984212998489966,0.00044168299973534886,3.222199848096352e-05,0.00500383399958082
0.03351354500046,0.028525248000732972,0.00044814600005338434,3.201799881935585e-05,0.004931278001095052
0.03398669099988183,0.028238766999493237,0.0004444430014700629,3.405600000405684e-05,0.005024943999160314
0.03378913599954103,0.028459008000936592,0.0004459610008780146,3.205499888281338e-05,0.005190665999180055
0.034176949000539025,0.028298637000261806,0.0004437200004758779,3.2961999750114046e-05,0.005062888998509152
0.03388617299970065,0.028399062999596936,0.0005123499995534075,3.911100066034123e-05,0.005052721999163623
0.034051171998726204,0.02852574800090224,0.0004915720001008594,3.475899939076044e-05,0.004908777998934966
0.034007339001618675,0.028720839998641168,0.00047675700079707894,3.5278000723337755e-05,0.005017186000259244
0.034297948999665095,0.028498211000623996,0.00043086900041089393,3.2111000109580345e-05,0.00473848299952806
0.033746376999260974,0.028865395001048455,0.00042801699964911677,3.2666999686625786e-05,0.004762148999361671
0.03413481999996293,0.028649581001445767,0.00043170199933229014,3.1536999813397415e-05,0.004766686000948539
0.03392608000103792,0.02875358099845471,0.0004301839999243384,3.2111000109580345e-05,0.00475624200043967
0.034017801999652875,0.02886561699961021,0.00042918399958580267,3.196199941157829e-05,0.004744834999655723
0.03411761700044735,0.029038135000519105,0.00048099800005729776,3.2889000067370944e-05,0.00473894599963387
0.03433718899941596,0.028973264999876847,0.0004299060001358157,3.149999974993989e-05,0.0047051860001374735
0.03418659799899615,0.029021042999374913,0.0004281090004951693,3.1795998438610695e-05,0.004725631000837893
0.03425187500033644,0.02863208099915937,0.0004301830012991559,3.135200131509919e-05,0.004731742001240491
0.0338723580007354,0.028674654000496957,0.0004887939994659973,3.192500116711017e-05,0.0047350200002256315
0.03397641300034593,0.02849656199941819,0.00043062800068582874,3.21850002364954e-05,0.004703278998931637
0.03370904399889696,0.028844673001003684,0.0004843500009883428,3.279599877714645e-05,0.0047142049988906365
0.03412198700061708,0.0287077289995068,0.0004329980001784861,3.3074000384658575e-05,0.004715741999461898
0.03394111700072244,0.028834025000833208,0.00048212799993052613,3.237000055378303e-05,0.004741057000501314
0.03413780099981523,0.02864937699996517,0.0004264979997969931,3.22600008075824e-05,0.00474207600018417
0.03389706199959619,0.028710524000416626,0.0004866460003540851,3.2777999876998365e-05,0.004776630999913323
0.034053486999255256,0.028828728000007686,0.00042988700079149567,3.320399991935119e-05,0.0048331119996873895
0.03417265300049621,0.030247463999330648,0.0004740719996334519,3.4500000765547156e-05,0.004745371999888448
0.035554296999180224,0.02820878599959542,0.0004947939996782225,3.5147999369655736e-05,0.004799333999471855
0.0335845990011876,0.028174563998618396,0.000457461001133197,3.266700150561519e-05,0.004761112999403849
0.03347334099998989,0.0285059519992501,0.00045368399878498167,3.32589988829568e-05,0.004718946000139113
0.03375833999962197,0.02833317400109081,0.0004536830001597991,3.287000072305091e-05,0.004790352999407332
0.03368382199914777,0.028410470000380883,0.00043405399992479943,3.38890004059067e-05,0.004753204999360605
0.03367834000164294,0.02837198900124349,0.0004339799997978844,3.1666000722907484e-05,0.004834630000914331
0.03371682199940551,0.028384265999193303,0.00044959099977859296,3.273999936936889e-05,0.004731778999484959
0.03364495099958731,0.02783350900062942,0.00045164700168243144,3.1536999813397415e-05,0.004715982999186963
0.033081286999731674,0.027923231999011477,0.0004386099990369985,4.8036999942269176e-05,0.00484524099920236
0.03330284200092137,0.02769699199961906,0.00042807300087588374,3.23329986713361e-05,0.004765186999065918
0.03297082399876672,0.027958304999629036,0.0004338870003266493,3.2518000807613134e-05,0.004756500999064883
0.03323428600015177,0.028205434000483365,0.0004343130003690021,3.246300002501812e-05,0.004808667999895988
0.033527952000440564,0.02780095499838353,0.00042797999958565924,3.279599877714645e-05,0.004752204999022069
0.03306010199958109,0.027580566998949507,0.00043507199916348327,3.181400097673759e-05,0.004743982999571017
0.0328376390007179,0.027934601999731967,0.00042811000093934126,3.14070002787048e-05,0.0047069640004338
0.033147879999887664,0.02809604499998386,0.00047468400043726433,3.3499998608022e-05,0.004740371001389576
0.033391599999959,0.027830750001157867,0.0004276830004528165,3.316600123071112e-05,0.004754870999022387
0.0330930090003676,0.02766232499925536,0.00045488700015994254,3.274100163253024e-05,0.004721649000202888
0.03292028800024127,0.02814252699863573,0.00044098000034864526,3.31109986291267e-05,0.004750983000121778
0.033413192999432795,0.027716733000488603,0.0004749990002892446,3.229600042686798e-05,0.004746519000036642
0.03301832400029525,0.02814475000013772,0.00048138700003619306,3.3741000152076595e-05,0.004730315999040613
0.03343676700023934,0.028019434999805526,0.00047723900024720933,3.146299968648236e-05,0.004770834000737523
0.03347895200022322,0.028365100000883103,0.0004251469999871915,2.9795999580528587e-05,0.004744760999528808
0.033611654998821905,0.0282608599991363,0.00043116499909956474,3.109199860773515e-05,0.005331406000550487
0.034125820000554086,0.028160564001154853,0.0004299060001358157,3.157399987685494e-05,0.00477620499987097
0.033445766999648185,0.028130953000072623,0.0004333319993747864,3.205499888281338e-05,0.004768594000779558
0.033411767000870896,0.028046897999956855,0.00043462800022098236,3.292499968665652e-05,0.004812834000404109
0.03337350799847627,0.028361341001073015,0.0004479060007724911,3.255600131524261e-05,0.0047563719999743626
0.03364495200003148,0.02890367200052424,0.0004279240001778817,3.2222000299952924e-05,0.004813371000636835
0.03422680100084108,0.030759535999095533,0.00043360900053812657,3.2387999453931116e-05,0.00519712900131708
0.03647540400015714,0.02844347099926381,0.0004284250007913215,3.329600076540373e-05,0.005036760001530638
0.033990690999416984,0.028254434000700712,0.0004284049991838401,3.096200089203194e-05,0.0049577409990888555
0.03371958100069605,0.028217620001669275,0.0004273869999451563,3.2963000194285996e-05,0.00496077800016792
0.033688358998915646,0.028232304999619373,0.0004394059997139266,3.159299922117498e-05,0.004919871000311105
0.03367124700162094,0.02800878700145404,0.0005132389997015707,3.6777999412151985e-05,0.00496001899955445
0.033567358999789576,0.027961916999629466,0.00048305400014214683,3.5443999877315946e-05,0.004910538000331144
0.03344091599865351,0.027963343000010354,0.0005027759998483816,3.548099994077347e-05,0.004913482000119984
0.0334637300002214,0.02781513899935817,0.000545201999557321,3.540699981385842e-05,0.0048944639984256355
0.033338508001179434,0.02786815800027398,0.0005114049999974668,3.614799970819149e-05,0.0048447970002598595
0.03331015599906095,0.0279749349992926,0.00048492400128452573,3.418500091356691e-05,0.0049190009995072614
0.033464322999861906,0.031410107998453896,0.0005347389997041319,3.405600000405684e-05,0.004904334000457311
0.03693327200016938,0.027810251000119024,0.00044881299982080236,3.4702999982982874e-05,0.004852945001402986
0.03320811999947182,0.027564547999645583,0.00045303499973670114,3.10929990519071e-05,0.004828500001167413
0.03292621400032658,0.03368437700009963,0.0009691819996078266,9.733299884828739e-05,0.010054686001240043
0.04487968800094677,0.041849143999570515,0.000902551999388379,5.5980999604798853e-05,0.008470524999211193
0.05135753499962448,0.04461204099970928,0.0005566090003412683,4.4166001316625625e-05,0.009901241999614285
0.05521635399963998,0.038301656999465195,0.0005625719986710465,4.1758999941521324e-05,0.008535728999049752
0.04751751299954776,0.031189200999506284,0.0005077580008219229,3.716700121003669e-05,0.005165518001376768
0.03694903200084809,0.02730938199965749,0.0004539239998848643,3.375899905222468e-05,0.0050249069990968565
0.032872490999579895,0.02766949100077909,0.0005113309998705518,3.336999907332938e-05,0.005067926000265288
0.033331489999909536,0.030707869000252686,0.0005787009995401604,4.153699956077617e-05,0.006496606001746841
0.03787991700119164,0.028731766000419157,0.00043218399878242053,3.14070002787048e-05,0.004806389999430394
0.034048357998472056,0.028270451999560464,0.00044851699931314215,3.338799979246687e-05,0.00479163100135338
0.03359034000095562,0.03070583299995633,0.0004295350008760579,3.118499989795964e-05,0.004717241999969701
0.03593049899973266,0.030832499000098323,0.000433461998909479,3.0388000595849007e-05,0.004704389999460545
0.0360468500002753,0.02881108100154961,0.0004873870002484182,3.161099994031247e-05,0.005075352000858402
0.034452466999937315,0.03158684799927869,0.00042838700028369203,3.264800034230575e-05,0.004769278999447124
0.03686455100068997,0.030567258998416946,0.0004667020002671052,3.5369999750400893e-05,0.005640516999847023
0.036757865998879424,0.028024990000631078,0.00043307199848641176,3.129600008833222e-05,0.00479148300109955
0.03332695300014166,0.02908548699997482,0.000507849999848986,3.796300006797537e-05,0.005334998999387608
0.03501568700085045,0.027528362001248752,0.0004396290005388437,3.331500010972377e-05,0.005752922999818111
0.03381054300007236,0.027950009000051068,0.00031144300010055304,3.8148000385263003e-05,0.004871520000961027
0.033219267999811564,0.026573846998871886,0.00033020299997588154,4.0221999370260164e-05,0.005449758000395377
0.03245821499876911,0.028867580000223825,0.00037049900129204616,3.922200085071381e-05,0.004860204999204143
0.03418574600073043,0.027951915999437915,0.00031353600024885964,3.911100066034123e-05,0.00487676000011561
0.03323008299958019,0.026701254000727204,0.0003312209992145654,4.005600021628197e-05,0.004877149000094505
0.031999568000173895,0.02841680399978941,0.00031899900022835936,3.981400004704483e-05,0.004858575000980636
0.0336818960004166,0.027821138999570394,0.0004247580000082962,4.259200068190694e-05,0.006470698001066921
0.034831484999813256,0.029306634000022314,0.0003194249984517228,1.32589993881993e-05,0.0
0.02970094699958281,0.027416844999606838,0.0004243139992468059,1.2686001355177723e-05,0.0
0.02791397200053325,0.03129897799954051,0.00039220299913722556,1.764799890224822e-05,0.0
0.031764903000294,0.027348475001417683,0.000311980998958461,1.4073999409447424e-05,0.0
0.02773284399881959,0.030602202999943984,0.0003557210002327338,1.3056000170763582e-05,0.0
0.03103427499991085,0.02922154200132354,0.0004092939998372458,1.4000001101521775e-05,0.0
0.02970537400142348,0.02654356999846641,0.00033103600071626715,1.3871000192011707e-05,0.0
0.02694736499870487,0.026930919999358593,0.0003176660011376953,1.1962998542003334e-05,0.0
0.027323121999870637,0.027217901000767597,0.0003713690002768999,1.6740999853936955e-05,0.0
0.02766173300005903,0.030139481999867712,0.0003082029998040525,1.2147998859290965e-05,0.0
0.03051366600084293,0.027145863999976427,0.0003132389992970275,1.2092999895685352e-05,0.0
0.027525215000423486,0.027264529999229126,0.00039194300006784033,1.235100171470549e-05,0.0
0.027723065999452956,0.02622614499887277,0.0003270170000178041,1.2408001566655003e-05,0.0
0.026622699000654393,0.0283149710012367,0.00033822099976532627,1.2778000382240862e-05,0.0
0.028730840000207536,0.026616921000822913,0.00031144300010055304,1.2350999895716086e-05,0.0
0.026995956999599002,0.027243623000686057,0.0003119060002063634,1.1981999705312774e-05,0.0
0.02762225100013893,0.027619806000075187,0.0003065729997615563,1.2370001059025526e-05,0.0
0.027999324000120396,0.027470806999190245,0.00030590599999413826,1.1148000339744613e-05,0.0
0.027840120999826468,0.026444921999427606,0.0003590180003811838,1.2333000995568e-05,0.0
0.026873384000282385,0.026718716999312164,0.00037025800156698097,1.2610998965101317e-05,0.0
0.027156363999893074,0.026750494998850627,0.00038972100082901306,1.355499989585951e-05,0.0
0.02721830799964664,0.028928412999448483,0.0003106280000793049,1.1666999853332527e-05,0.0
0.029304244999366347,0.02761589999863645,0.0003149250005662907,1.1148000339744613e-05,0.0
0.027996230999633553,0.02688843999931123,0.0003906840011040913,8.581499969295692e-05,0.0
0.0274326970011316,0.02749597400179482,0.00032483199902344495,1.2443999366951175e-05,0.0
0.027950693998718634,0.030856665000101202,0.00031570200007990934,1.1685000572470017e-05,0.0
0.03123912699993525,0.032792953999887686,0.00032340599864255637,1.4240000382415019e-05,0.0
0.0331887310003367,0.03293717700034904,0.0003137950006930623,1.192499985336326e-05,0.0
0.033317601000817376,0.034037153998724534,0.0004004239999630954,1.318500108027365e-05,0.0
0.03450979999979609,0.031312570999944,0.0003112209997198079,1.2276999768801033e-05,0.0
0.03176319900012459,0.03311134300020058,0.0003153139987261966,1.3056000170763582e-05,0.0
0.03350691500054381,0.033021805998942,0.0003202210009476403,1.1276999430265278e-05,0.0
0.03341441599877726,0.032528085001104046,0.00032179499976336956,1.1778000043705106e-05,0.0
0.03292089800015674,0.03285032500025409,0.00031261000003723893,1.1296999218757264e-05,0.0
0.033228731001145206,0.03261176999876625,0.0003162020002491772,1.2350999895716086e-05,0.0
0.03299337999851559,0.03310045299986086,0.00031423899963556323,1.1889000234077685e-05,0.0
0.0336439889997564,0.03310345399950165,0.0003153869984089397,1.1666999853332527e-05,0.0
0.0334847300000547,0.03441948600084288,0.0004022209996037418,1.288900057261344e-05,0.0
0.0348937240014493,0.0313758489992324,0.0003214799999113893,1.2092999895685352e-05,0.0
0.031763421999130514,0.03538000100161298,0.00035490600021148566,1.4147999536362477e-05,0.0
0.035807406000458286,0.03334089700001641,0.00032136899972101673,1.2351998520898633e-05,0.0
0.03373072899921681,0.03099547999954666,0.0003267390002292814,1.2814000001526438e-05,0.0
0.03139073800048209,0.03238040099859063,0.00031648000003769994,1.2463000530260615e-05,0.0
0.032766640000772895,0.03302447199894232,0.00031833200046094134,1.2407001122483052e-05,0.0
0.03341056299905176,0.03286276900144003,0.00037660999987565447,1.1980999261140823e-05,0.0
0.033315452999886475,0.03291402800095966,0.00031475799914915115,1.2074000551365316e-05,0.0
0.03330147099950409,0.03297145400028967,0.00032322100014425814,1.2630000128410757e-05,0.0
0.0333691940013523,0.03396304300076736,0.0003307959996163845,1.3369999578571878e-05,0.0
0.034369838000202435,0.03158710699972289,0.0003175170004396932,1.2111000614822842e-05,0.0
0.031971660999261076,0.03504468699975405,0.00039961000038601924,1.3869999747839756e-05,0.0
0.03551298200000019,0.030668315001094015,0.0003167390004819026,1.2517999493866228e-05,0.0
0.031054220000442,0.03413852399899042,0.0005425160015875008,1.9445000361884013e-05,0.0
0.034780669999236125,0.035585722000178066,0.00032814699989103246,1.3110999134369195e-05,0.0
0.03599073900113581,0.03004803899966646,0.0003120179990219185,1.1944999641855247e-05,0.0
0.030425444998400053,0.034755706999931135,0.000400553999497788,1.3703000149689615e-05,0.0
0.03523724200022116,0.030689740999150672,0.00033103600071626715,1.2518999938038178e-05,0.0
0.031089201000213507,0.03198227299981227,0.00031835000118007883,1.3647999367094599e-05,0.0
0.03236997500061989,0.032879546999538434,0.0003134239996143151,1.1517999155330472e-05,0.0
0.03325863799909712,0.032885732000067947,0.0003144059992337134,1.3019000107306056e-05,0.0
0.033268027000303846,0.0327791959989554,0.00031973999830370303,1.1889000234077685e-05,0.0
